,dependent,giv_prop,iv,iv_label,cat_t1,cat_t1_label,cat_t2,cat_t2_label,mod,mod_label,mod_t1,mod_t1_label,mod_t2,mod_t2_label,obs
10,https://data.cooperationdatabank.org/id/dependentvariable/contributions,https://data.cooperationdatabank.org/vocab/prop/IdentificationVariable,https://data.cooperationdatabank.org/vocab/prop/identificationLevel,Identification level,https://data.cooperationdatabank.org/id/identificationlevel/high,High,https://data.cooperationdatabank.org/id/identificationlevel/low,Low,https://data.cooperationdatabank.org/vocab/prop/targetMembership,Partner's group membership,https://data.cooperationdatabank.org/id/targetmembership/ingroup,Ingroup,https://data.cooperationdatabank.org/id/targetmembership/stranger,Stranger,4
11,https://data.cooperationdatabank.org/id/dependentvariable/contributions,https://data.cooperationdatabank.org/vocab/prop/IdentificationVariable,https://data.cooperationdatabank.org/vocab/prop/knowledgeOfMembership,Knowledge of group membership,https://data.cooperationdatabank.org/id/knowledgeofmembership/common,Common,https://data.cooperationdatabank.org/id/knowledgeofmembership/unilateral,Unilateral,https://data.cooperationdatabank.org/vocab/prop/targetMembership,Partner's group membership,https://data.cooperationdatabank.org/id/targetmembership/ingroup,Ingroup,https://data.cooperationdatabank.org/id/targetmembership/outgroup,Outgroup,5
12,https://data.cooperationdatabank.org/id/dependentvariable/contributions,https://data.cooperationdatabank.org/vocab/prop/IdentificationVariable,https://data.cooperationdatabank.org/vocab/prop/knowledgeOfMembership,Knowledge of group membership,https://data.cooperationdatabank.org/id/knowledgeofmembership/common,Common,https://data.cooperationdatabank.org/id/knowledgeofmembership/unilateral,Unilateral,https://data.cooperationdatabank.org/vocab/prop/targetMembership,Partner's group membership,https://data.cooperationdatabank.org/id/targetmembership/ingroup,Ingroup,https://data.cooperationdatabank.org/id/targetmembership/stranger,Stranger,3
13,https://data.cooperationdatabank.org/id/dependentvariable/contributions,https://data.cooperationdatabank.org/vocab/prop/IdentificationVariable,https://data.cooperationdatabank.org/vocab/prop/knowledgeOfMembership,Knowledge of group membership,https://data.cooperationdatabank.org/id/knowledgeofmembership/common,Common,https://data.cooperationdatabank.org/id/knowledgeofmembership/unilateral,Unilateral,https://data.cooperationdatabank.org/vocab/prop/targetMembership,Partner's group membership,https://data.cooperationdatabank.org/id/targetmembership/outgroup,Outgroup,https://data.cooperationdatabank.org/id/targetmembership/stranger,Stranger,3
14,https://data.cooperationdatabank.org/id/dependentvariable/contributions,https://data.cooperationdatabank.org/vocab/prop/IdentificationVariable,https://data.cooperationdatabank.org/vocab/prop/knowledgeOfMembership,Knowledge of group membership,https://data.cooperationdatabank.org/id/knowledgeofmembership/common,Common,https://data.cooperationdatabank.org/id/knowledgeofmembership/unknown,Unknown,https://data.cooperationdatabank.org/vocab/prop/targetMembership,Partner's group membership,https://data.cooperationdatabank.org/id/targetmembership/ingroup,Ingroup,https://data.cooperationdatabank.org/id/targetmembership/outgroup,Outgroup,1
15,https://data.cooperationdatabank.org/id/dependentvariable/contributions,https://data.cooperationdatabank.org/vocab/prop/IdentificationVariable,https://data.cooperationdatabank.org/vocab/prop/knowledgeOfMembership,Knowledge of group membership,https://data.cooperationdatabank.org/id/knowledgeofmembership/unilateral,Unilateral,https://data.cooperationdatabank.org/id/knowledgeofmembership/common,Common,https://data.cooperationdatabank.org/vocab/prop/targetMembership,Partner's group membership,https://data.cooperationdatabank.org/id/targetmembership/ingroup,Ingroup,https://data.cooperationdatabank.org/id/targetmembership/outgroup,Outgroup,3
16,https://data.cooperationdatabank.org/id/dependentvariable/contributions,https://data.cooperationdatabank.org/vocab/prop/IdentificationVariable,https://data.cooperationdatabank.org/vocab/prop/knowledgeOfMembership,Knowledge of group membership,https://data.cooperationdatabank.org/id/knowledgeofmembership/unilateral,Unilateral,https://data.cooperationdatabank.org/id/knowledgeofmembership/common,Common,https://data.cooperationdatabank.org/vocab/prop/targetMembership,Partner's group membership,https://data.cooperationdatabank.org/id/targetmembership/ingroup,Ingroup,https://data.cooperationdatabank.org/id/targetmembership/stranger,Stranger,3
17,https://data.cooperationdatabank.org/id/dependentvariable/contributions,https://data.cooperationdatabank.org/vocab/prop/IdentificationVariable,https://data.cooperationdatabank.org/vocab/prop/knowledgeOfMembership,Knowledge of group membership,https://data.cooperationdatabank.org/id/knowledgeofmembership/unilateral,Unilateral,https://data.cooperationdatabank.org/id/knowledgeofmembership/common,Common,https://data.cooperationdatabank.org/vocab/prop/targetMembership,Partner's group membership,https://data.cooperationdatabank.org/id/targetmembership/outgroup,Outgroup,https://data.cooperationdatabank.org/id/targetmembership/stranger,Stranger,3
18,https://data.cooperationdatabank.org/id/dependentvariable/contributions,https://data.cooperationdatabank.org/vocab/prop/IdentificationVariable,https://data.cooperationdatabank.org/vocab/prop/targetMembership,Partner's group membership,https://data.cooperationdatabank.org/id/targetmembership/ingroup,Ingroup,https://data.cooperationdatabank.org/id/targetmembership/outgroup,Outgroup,https://data.cooperationdatabank.org/vocab/prop/knowledgeOfMembership,Knowledge of group membership,https://data.cooperationdatabank.org/id/knowledgeofmembership/common,Common,https://data.cooperationdatabank.org/id/knowledgeofmembership/unilateral,Unilateral,5
19,https://data.cooperationdatabank.org/id/dependentvariable/contributions,https://data.cooperationdatabank.org/vocab/prop/IdentificationVariable,https://data.cooperationdatabank.org/vocab/prop/targetMembership,Partner's group membership,https://data.cooperationdatabank.org/id/targetmembership/ingroup,Ingroup,https://data.cooperationdatabank.org/id/targetmembership/outgroup,Outgroup,https://data.cooperationdatabank.org/vocab/prop/knowledgeOfMembership,Knowledge of group membership,https://data.cooperationdatabank.org/id/knowledgeofmembership/common,Common,https://data.cooperationdatabank.org/id/knowledgeofmembership/unknown,Unknown,1
20,https://data.cooperationdatabank.org/id/dependentvariable/contributions,https://data.cooperationdatabank.org/vocab/prop/IdentificationVariable,https://data.cooperationdatabank.org/vocab/prop/targetMembership,Partner's group membership,https://data.cooperationdatabank.org/id/targetmembership/ingroup,Ingroup,https://data.cooperationdatabank.org/id/targetmembership/outgroup,Outgroup,https://data.cooperationdatabank.org/vocab/prop/knowledgeOfMembership,Knowledge of group membership,https://data.cooperationdatabank.org/id/knowledgeofmembership/unilateral,Unilateral,https://data.cooperationdatabank.org/id/knowledgeofmembership/common,Common,3
21,https://data.cooperationdatabank.org/id/dependentvariable/contributions,https://data.cooperationdatabank.org/vocab/prop/IdentificationVariable,https://data.cooperationdatabank.org/vocab/prop/targetMembership,Partner's group membership,https://data.cooperationdatabank.org/id/targetmembership/ingroup,Ingroup,https://data.cooperationdatabank.org/id/targetmembership/stranger,Stranger,https://data.cooperationdatabank.org/vocab/prop/identificationLevel,Identification level,https://data.cooperationdatabank.org/id/identificationlevel/high,High,https://data.cooperationdatabank.org/id/identificationlevel/low,Low,4
22,https://data.cooperationdatabank.org/id/dependentvariable/contributions,https://data.cooperationdatabank.org/vocab/prop/IdentificationVariable,https://data.cooperationdatabank.org/vocab/prop/targetMembership,Partner's group membership,https://data.cooperationdatabank.org/id/targetmembership/ingroup,Ingroup,https://data.cooperationdatabank.org/id/targetmembership/stranger,Stranger,https://data.cooperationdatabank.org/vocab/prop/knowledgeOfMembership,Knowledge of group membership,https://data.cooperationdatabank.org/id/knowledgeofmembership/common,Common,https://data.cooperationdatabank.org/id/knowledgeofmembership/unilateral,Unilateral,3
23,https://data.cooperationdatabank.org/id/dependentvariable/contributions,https://data.cooperationdatabank.org/vocab/prop/IdentificationVariable,https://data.cooperationdatabank.org/vocab/prop/targetMembership,Partner's group membership,https://data.cooperationdatabank.org/id/targetmembership/ingroup,Ingroup,https://data.cooperationdatabank.org/id/targetmembership/stranger,Stranger,https://data.cooperationdatabank.org/vocab/prop/knowledgeOfMembership,Knowledge of group membership,https://data.cooperationdatabank.org/id/knowledgeofmembership/unilateral,Unilateral,https://data.cooperationdatabank.org/id/knowledgeofmembership/common,Common,3
24,https://data.cooperationdatabank.org/id/dependentvariable/contributions,https://data.cooperationdatabank.org/vocab/prop/IdentificationVariable,https://data.cooperationdatabank.org/vocab/prop/targetMembership,Partner's group membership,https://data.cooperationdatabank.org/id/targetmembership/outgroup,Outgroup,https://data.cooperationdatabank.org/id/targetmembership/stranger,Stranger,https://data.cooperationdatabank.org/vocab/prop/knowledgeOfMembership,Knowledge of group membership,https://data.cooperationdatabank.org/id/knowledgeofmembership/common,Common,https://data.cooperationdatabank.org/id/knowledgeofmembership/unilateral,Unilateral,3
25,https://data.cooperationdatabank.org/id/dependentvariable/contributions,https://data.cooperationdatabank.org/vocab/prop/IdentificationVariable,https://data.cooperationdatabank.org/vocab/prop/targetMembership,Partner's group membership,https://data.cooperationdatabank.org/id/targetmembership/outgroup,Outgroup,https://data.cooperationdatabank.org/id/targetmembership/stranger,Stranger,https://data.cooperationdatabank.org/vocab/prop/knowledgeOfMembership,Knowledge of group membership,https://data.cooperationdatabank.org/id/knowledgeofmembership/unilateral,Unilateral,https://data.cooperationdatabank.org/id/knowledgeofmembership/common,Common,3
95,https://data.cooperationdatabank.org/id/dependentvariable/cooperation,https://data.cooperationdatabank.org/vocab/prop/IdentificationVariable,https://data.cooperationdatabank.org/vocab/prop/knowledgeOfMembership,Knowledge of group membership,https://data.cooperationdatabank.org/id/knowledgeofmembership/common,Common,https://data.cooperationdatabank.org/id/knowledgeofmembership/unilateral,Unilateral,https://data.cooperationdatabank.org/vocab/prop/targetMembership,Partner's group membership,https://data.cooperationdatabank.org/id/targetmembership/ingroup,Ingroup,https://data.cooperationdatabank.org/id/targetmembership/outgroup,Outgroup,10
96,https://data.cooperationdatabank.org/id/dependentvariable/cooperation,https://data.cooperationdatabank.org/vocab/prop/IdentificationVariable,https://data.cooperationdatabank.org/vocab/prop/knowledgeOfMembership,Knowledge of group membership,https://data.cooperationdatabank.org/id/knowledgeofmembership/common,Common,https://data.cooperationdatabank.org/id/knowledgeofmembership/unilateral,Unilateral,https://data.cooperationdatabank.org/vocab/prop/targetMembership,Partner's group membership,https://data.cooperationdatabank.org/id/targetmembership/ingroup,Ingroup,https://data.cooperationdatabank.org/id/targetmembership/stranger,Stranger,11
97,https://data.cooperationdatabank.org/id/dependentvariable/cooperation,https://data.cooperationdatabank.org/vocab/prop/IdentificationVariable,https://data.cooperationdatabank.org/vocab/prop/knowledgeOfMembership,Knowledge of group membership,https://data.cooperationdatabank.org/id/knowledgeofmembership/common,Common,https://data.cooperationdatabank.org/id/knowledgeofmembership/unilateral,Unilateral,https://data.cooperationdatabank.org/vocab/prop/targetMembership,Partner's group membership,https://data.cooperationdatabank.org/id/targetmembership/outgroup,Outgroup,https://data.cooperationdatabank.org/id/targetmembership/stranger,Stranger,9
98,https://data.cooperationdatabank.org/id/dependentvariable/cooperation,https://data.cooperationdatabank.org/vocab/prop/IdentificationVariable,https://data.cooperationdatabank.org/vocab/prop/knowledgeOfMembership,Knowledge of group membership,https://data.cooperationdatabank.org/id/knowledgeofmembership/common,Common,https://data.cooperationdatabank.org/id/knowledgeofmembership/unknown,Unknown,https://data.cooperationdatabank.org/vocab/prop/targetMembership,Partner's group membership,https://data.cooperationdatabank.org/id/targetmembership/ingroup,Ingroup,https://data.cooperationdatabank.org/id/targetmembership/outgroup,Outgroup,10
99,https://data.cooperationdatabank.org/id/dependentvariable/cooperation,https://data.cooperationdatabank.org/vocab/prop/IdentificationVariable,https://data.cooperationdatabank.org/vocab/prop/knowledgeOfMembership,Knowledge of group membership,https://data.cooperationdatabank.org/id/knowledgeofmembership/common,Common,https://data.cooperationdatabank.org/id/knowledgeofmembership/unknown,Unknown,https://data.cooperationdatabank.org/vocab/prop/targetMembership,Partner's group membership,https://data.cooperationdatabank.org/id/targetmembership/ingroup,Ingroup,https://data.cooperationdatabank.org/id/targetmembership/stranger,Stranger,10
100,https://data.cooperationdatabank.org/id/dependentvariable/cooperation,https://data.cooperationdatabank.org/vocab/prop/IdentificationVariable,https://data.cooperationdatabank.org/vocab/prop/knowledgeOfMembership,Knowledge of group membership,https://data.cooperationdatabank.org/id/knowledgeofmembership/common,Common,https://data.cooperationdatabank.org/id/knowledgeofmembership/unknown,Unknown,https://data.cooperationdatabank.org/vocab/prop/targetMembership,Partner's group membership,https://data.cooperationdatabank.org/id/targetmembership/outgroup,Outgroup,https://data.cooperationdatabank.org/id/targetmembership/stranger,Stranger,10
101,https://data.cooperationdatabank.org/id/dependentvariable/cooperation,https://data.cooperationdatabank.org/vocab/prop/IdentificationVariable,https://data.cooperationdatabank.org/vocab/prop/knowledgeOfMembership,Knowledge of group membership,https://data.cooperationdatabank.org/id/knowledgeofmembership/unilateral,Unilateral,https://data.cooperationdatabank.org/id/knowledgeofmembership/common,Common,https://data.cooperationdatabank.org/vocab/prop/targetMembership,Partner's group membership,https://data.cooperationdatabank.org/id/targetmembership/ingroup,Ingroup,https://data.cooperationdatabank.org/id/targetmembership/outgroup,Outgroup,2
102,https://data.cooperationdatabank.org/id/dependentvariable/cooperation,https://data.cooperationdatabank.org/vocab/prop/IdentificationVariable,https://data.cooperationdatabank.org/vocab/prop/knowledgeOfMembership,Knowledge of group membership,https://data.cooperationdatabank.org/id/knowledgeofmembership/unilateral,Unilateral,https://data.cooperationdatabank.org/id/knowledgeofmembership/common,Common,https://data.cooperationdatabank.org/vocab/prop/targetMembership,Partner's group membership,https://data.cooperationdatabank.org/id/targetmembership/ingroup,Ingroup,https://data.cooperationdatabank.org/id/targetmembership/stranger,Stranger,3
103,https://data.cooperationdatabank.org/id/dependentvariable/cooperation,https://data.cooperationdatabank.org/vocab/prop/IdentificationVariable,https://data.cooperationdatabank.org/vocab/prop/knowledgeOfMembership,Knowledge of group membership,https://data.cooperationdatabank.org/id/knowledgeofmembership/unilateral,Unilateral,https://data.cooperationdatabank.org/id/knowledgeofmembership/common,Common,https://data.cooperationdatabank.org/vocab/prop/targetMembership,Partner's group membership,https://data.cooperationdatabank.org/id/targetmembership/outgroup,Outgroup,https://data.cooperationdatabank.org/id/targetmembership/stranger,Stranger,2
104,https://data.cooperationdatabank.org/id/dependentvariable/cooperation,https://data.cooperationdatabank.org/vocab/prop/IdentificationVariable,https://data.cooperationdatabank.org/vocab/prop/knowledgeOfMembership,Knowledge of group membership,https://data.cooperationdatabank.org/id/knowledgeofmembership/unilateral,Unilateral,https://data.cooperationdatabank.org/id/knowledgeofmembership/unknown,Unknown,https://data.cooperationdatabank.org/vocab/prop/targetMembership,Partner's group membership,https://data.cooperationdatabank.org/id/targetmembership/ingroup,Ingroup,https://data.cooperationdatabank.org/id/targetmembership/outgroup,Outgroup,10
105,https://data.cooperationdatabank.org/id/dependentvariable/cooperation,https://data.cooperationdatabank.org/vocab/prop/IdentificationVariable,https://data.cooperationdatabank.org/vocab/prop/knowledgeOfMembership,Knowledge of group membership,https://data.cooperationdatabank.org/id/knowledgeofmembership/unilateral,Unilateral,https://data.cooperationdatabank.org/id/knowledgeofmembership/unknown,Unknown,https://data.cooperationdatabank.org/vocab/prop/targetMembership,Partner's group membership,https://data.cooperationdatabank.org/id/targetmembership/ingroup,Ingroup,https://data.cooperationdatabank.org/id/targetmembership/stranger,Stranger,10
106,https://data.cooperationdatabank.org/id/dependentvariable/cooperation,https://data.cooperationdatabank.org/vocab/prop/IdentificationVariable,https://data.cooperationdatabank.org/vocab/prop/knowledgeOfMembership,Knowledge of group membership,https://data.cooperationdatabank.org/id/knowledgeofmembership/unilateral,Unilateral,https://data.cooperationdatabank.org/id/knowledgeofmembership/unknown,Unknown,https://data.cooperationdatabank.org/vocab/prop/targetMembership,Partner's group membership,https://data.cooperationdatabank.org/id/targetmembership/outgroup,Outgroup,https://data.cooperationdatabank.org/id/targetmembership/stranger,Stranger,10
107,https://data.cooperationdatabank.org/id/dependentvariable/cooperation,https://data.cooperationdatabank.org/vocab/prop/IdentificationVariable,https://data.cooperationdatabank.org/vocab/prop/targetMembership,Partner's group membership,https://data.cooperationdatabank.org/id/targetmembership/ingroup,Ingroup,https://data.cooperationdatabank.org/id/targetmembership/outgroup,Outgroup,https://data.cooperationdatabank.org/vocab/prop/knowledgeOfMembership,Knowledge of group membership,https://data.cooperationdatabank.org/id/knowledgeofmembership/common,Common,https://data.cooperationdatabank.org/id/knowledgeofmembership/unilateral,Unilateral,10
108,https://data.cooperationdatabank.org/id/dependentvariable/cooperation,https://data.cooperationdatabank.org/vocab/prop/IdentificationVariable,https://data.cooperationdatabank.org/vocab/prop/targetMembership,Partner's group membership,https://data.cooperationdatabank.org/id/targetmembership/ingroup,Ingroup,https://data.cooperationdatabank.org/id/targetmembership/outgroup,Outgroup,https://data.cooperationdatabank.org/vocab/prop/knowledgeOfMembership,Knowledge of group membership,https://data.cooperationdatabank.org/id/knowledgeofmembership/common,Common,https://data.cooperationdatabank.org/id/knowledgeofmembership/unknown,Unknown,10
109,https://data.cooperationdatabank.org/id/dependentvariable/cooperation,https://data.cooperationdatabank.org/vocab/prop/IdentificationVariable,https://data.cooperationdatabank.org/vocab/prop/targetMembership,Partner's group membership,https://data.cooperationdatabank.org/id/targetmembership/ingroup,Ingroup,https://data.cooperationdatabank.org/id/targetmembership/outgroup,Outgroup,https://data.cooperationdatabank.org/vocab/prop/knowledgeOfMembership,Knowledge of group membership,https://data.cooperationdatabank.org/id/knowledgeofmembership/unilateral,Unilateral,https://data.cooperationdatabank.org/id/knowledgeofmembership/common,Common,2
110,https://data.cooperationdatabank.org/id/dependentvariable/cooperation,https://data.cooperationdatabank.org/vocab/prop/IdentificationVariable,https://data.cooperationdatabank.org/vocab/prop/targetMembership,Partner's group membership,https://data.cooperationdatabank.org/id/targetmembership/ingroup,Ingroup,https://data.cooperationdatabank.org/id/targetmembership/outgroup,Outgroup,https://data.cooperationdatabank.org/vocab/prop/knowledgeOfMembership,Knowledge of group membership,https://data.cooperationdatabank.org/id/knowledgeofmembership/unilateral,Unilateral,https://data.cooperationdatabank.org/id/knowledgeofmembership/unknown,Unknown,10
111,https://data.cooperationdatabank.org/id/dependentvariable/cooperation,https://data.cooperationdatabank.org/vocab/prop/IdentificationVariable,https://data.cooperationdatabank.org/vocab/prop/targetMembership,Partner's group membership,https://data.cooperationdatabank.org/id/targetmembership/ingroup,Ingroup,https://data.cooperationdatabank.org/id/targetmembership/stranger,Stranger,https://data.cooperationdatabank.org/vocab/prop/knowledgeOfMembership,Knowledge of group membership,https://data.cooperationdatabank.org/id/knowledgeofmembership/common,Common,https://data.cooperationdatabank.org/id/knowledgeofmembership/unilateral,Unilateral,11
112,https://data.cooperationdatabank.org/id/dependentvariable/cooperation,https://data.cooperationdatabank.org/vocab/prop/IdentificationVariable,https://data.cooperationdatabank.org/vocab/prop/targetMembership,Partner's group membership,https://data.cooperationdatabank.org/id/targetmembership/ingroup,Ingroup,https://data.cooperationdatabank.org/id/targetmembership/stranger,Stranger,https://data.cooperationdatabank.org/vocab/prop/knowledgeOfMembership,Knowledge of group membership,https://data.cooperationdatabank.org/id/knowledgeofmembership/common,Common,https://data.cooperationdatabank.org/id/knowledgeofmembership/unknown,Unknown,10
113,https://data.cooperationdatabank.org/id/dependentvariable/cooperation,https://data.cooperationdatabank.org/vocab/prop/IdentificationVariable,https://data.cooperationdatabank.org/vocab/prop/targetMembership,Partner's group membership,https://data.cooperationdatabank.org/id/targetmembership/ingroup,Ingroup,https://data.cooperationdatabank.org/id/targetmembership/stranger,Stranger,https://data.cooperationdatabank.org/vocab/prop/knowledgeOfMembership,Knowledge of group membership,https://data.cooperationdatabank.org/id/knowledgeofmembership/unilateral,Unilateral,https://data.cooperationdatabank.org/id/knowledgeofmembership/common,Common,3
114,https://data.cooperationdatabank.org/id/dependentvariable/cooperation,https://data.cooperationdatabank.org/vocab/prop/IdentificationVariable,https://data.cooperationdatabank.org/vocab/prop/targetMembership,Partner's group membership,https://data.cooperationdatabank.org/id/targetmembership/ingroup,Ingroup,https://data.cooperationdatabank.org/id/targetmembership/stranger,Stranger,https://data.cooperationdatabank.org/vocab/prop/knowledgeOfMembership,Knowledge of group membership,https://data.cooperationdatabank.org/id/knowledgeofmembership/unilateral,Unilateral,https://data.cooperationdatabank.org/id/knowledgeofmembership/unknown,Unknown,10
115,https://data.cooperationdatabank.org/id/dependentvariable/cooperation,https://data.cooperationdatabank.org/vocab/prop/IdentificationVariable,https://data.cooperationdatabank.org/vocab/prop/targetMembership,Partner's group membership,https://data.cooperationdatabank.org/id/targetmembership/outgroup,Outgroup,https://data.cooperationdatabank.org/id/targetmembership/stranger,Stranger,https://data.cooperationdatabank.org/vocab/prop/knowledgeOfMembership,Knowledge of group membership,https://data.cooperationdatabank.org/id/knowledgeofmembership/common,Common,https://data.cooperationdatabank.org/id/knowledgeofmembership/unilateral,Unilateral,9
116,https://data.cooperationdatabank.org/id/dependentvariable/cooperation,https://data.cooperationdatabank.org/vocab/prop/IdentificationVariable,https://data.cooperationdatabank.org/vocab/prop/targetMembership,Partner's group membership,https://data.cooperationdatabank.org/id/targetmembership/outgroup,Outgroup,https://data.cooperationdatabank.org/id/targetmembership/stranger,Stranger,https://data.cooperationdatabank.org/vocab/prop/knowledgeOfMembership,Knowledge of group membership,https://data.cooperationdatabank.org/id/knowledgeofmembership/common,Common,https://data.cooperationdatabank.org/id/knowledgeofmembership/unknown,Unknown,10
117,https://data.cooperationdatabank.org/id/dependentvariable/cooperation,https://data.cooperationdatabank.org/vocab/prop/IdentificationVariable,https://data.cooperationdatabank.org/vocab/prop/targetMembership,Partner's group membership,https://data.cooperationdatabank.org/id/targetmembership/outgroup,Outgroup,https://data.cooperationdatabank.org/id/targetmembership/stranger,Stranger,https://data.cooperationdatabank.org/vocab/prop/knowledgeOfMembership,Knowledge of group membership,https://data.cooperationdatabank.org/id/knowledgeofmembership/unilateral,Unilateral,https://data.cooperationdatabank.org/id/knowledgeofmembership/common,Common,2
118,https://data.cooperationdatabank.org/id/dependentvariable/cooperation,https://data.cooperationdatabank.org/vocab/prop/IdentificationVariable,https://data.cooperationdatabank.org/vocab/prop/targetMembership,Partner's group membership,https://data.cooperationdatabank.org/id/targetmembership/outgroup,Outgroup,https://data.cooperationdatabank.org/id/targetmembership/stranger,Stranger,https://data.cooperationdatabank.org/vocab/prop/knowledgeOfMembership,Knowledge of group membership,https://data.cooperationdatabank.org/id/knowledgeofmembership/unilateral,Unilateral,https://data.cooperationdatabank.org/id/knowledgeofmembership/unknown,Unknown,10
