,dependent,giv_prop,iv,iv_label,cat_t1,cat_t1_label,cat_t2,cat_t2_label,obs
197,https://data.cooperationdatabank.org/id/dependentvariable/contributions,https://data.cooperationdatabank.org/vocab/prop/ReputationVariable,https://data.cooperationdatabank.org/vocab/prop/anonymityManipul,Anonymity manipulation,https://data.cooperationdatabank.org/id/anonymitymanipul/high,High,https://data.cooperationdatabank.org/id/anonymitymanipul/low,Low,30
198,https://data.cooperationdatabank.org/id/dependentvariable/contributions,https://data.cooperationdatabank.org/vocab/prop/ReputationVariable,https://data.cooperationdatabank.org/vocab/prop/anonymityManipul,Anonymity manipulation,https://data.cooperationdatabank.org/id/anonymitymanipul/high,High,https://data.cooperationdatabank.org/id/anonymitymanipul/medium,Medium,3
199,https://data.cooperationdatabank.org/id/dependentvariable/contributions,https://data.cooperationdatabank.org/vocab/prop/ReputationVariable,https://data.cooperationdatabank.org/vocab/prop/anonymityManipul,Anonymity manipulation,https://data.cooperationdatabank.org/id/anonymitymanipul/low,Low,https://data.cooperationdatabank.org/id/anonymitymanipul/medium,Medium,3
200,https://data.cooperationdatabank.org/id/dependentvariable/contributions,https://data.cooperationdatabank.org/vocab/prop/ReputationVariable,https://data.cooperationdatabank.org/vocab/prop/gossip,Gossip,https://data.cooperationdatabank.org/id/gossip/absent,Absent,https://data.cooperationdatabank.org/id/gossip/present,Present,3
201,https://data.cooperationdatabank.org/id/dependentvariable/contributions,https://data.cooperationdatabank.org/vocab/prop/ReputationVariable,https://data.cooperationdatabank.org/vocab/prop/knowledgeOfPartnerPriorBehavior,Knowledge of partner's prior behavior,https://data.cooperationdatabank.org/id/knowledgeofpartnerpriorbehavior/absent,absent,https://data.cooperationdatabank.org/id/knowledgeofpartnerpriorbehavior/present,present,3
202,https://data.cooperationdatabank.org/id/dependentvariable/contributions,https://data.cooperationdatabank.org/vocab/prop/ReputationVariable,https://data.cooperationdatabank.org/vocab/prop/knowledgeOfPartnerPriorBehavior,Knowledge of partner's prior behavior,https://data.cooperationdatabank.org/id/knowledgeofpartnerpriorbehavior/cooperative,cooperative,https://data.cooperationdatabank.org/id/knowledgeofpartnerpriorbehavior/noncooperative,noncooperative,4
434,https://data.cooperationdatabank.org/id/dependentvariable/cooperation,https://data.cooperationdatabank.org/vocab/prop/ReputationVariable,https://data.cooperationdatabank.org/vocab/prop/anonymityManipul,Anonymity manipulation,https://data.cooperationdatabank.org/id/anonymitymanipul/high,High,https://data.cooperationdatabank.org/id/anonymitymanipul/low,Low,19
435,https://data.cooperationdatabank.org/id/dependentvariable/cooperation,https://data.cooperationdatabank.org/vocab/prop/ReputationVariable,https://data.cooperationdatabank.org/vocab/prop/anonymityManipul,Anonymity manipulation,https://data.cooperationdatabank.org/id/anonymitymanipul/high,High,https://data.cooperationdatabank.org/id/anonymitymanipul/medium,Medium,7
436,https://data.cooperationdatabank.org/id/dependentvariable/cooperation,https://data.cooperationdatabank.org/vocab/prop/ReputationVariable,https://data.cooperationdatabank.org/vocab/prop/anonymityManipul,Anonymity manipulation,https://data.cooperationdatabank.org/id/anonymitymanipul/low,Low,https://data.cooperationdatabank.org/id/anonymitymanipul/medium,Medium,6
437,https://data.cooperationdatabank.org/id/dependentvariable/cooperation,https://data.cooperationdatabank.org/vocab/prop/ReputationVariable,https://data.cooperationdatabank.org/vocab/prop/gossip,Gossip,https://data.cooperationdatabank.org/id/gossip/absent,Absent,https://data.cooperationdatabank.org/id/gossip/present,Present,4
438,https://data.cooperationdatabank.org/id/dependentvariable/cooperation,https://data.cooperationdatabank.org/vocab/prop/ReputationVariable,https://data.cooperationdatabank.org/vocab/prop/knowledgeOfPartnerPriorBehavior,Knowledge of partner's prior behavior,https://data.cooperationdatabank.org/id/knowledgeofpartnerpriorbehavior/absent,absent,https://data.cooperationdatabank.org/id/knowledgeofpartnerpriorbehavior/noncooperative,noncooperative,7
439,https://data.cooperationdatabank.org/id/dependentvariable/cooperation,https://data.cooperationdatabank.org/vocab/prop/ReputationVariable,https://data.cooperationdatabank.org/vocab/prop/knowledgeOfPartnerPriorBehavior,Knowledge of partner's prior behavior,https://data.cooperationdatabank.org/id/knowledgeofpartnerpriorbehavior/absent,absent,https://data.cooperationdatabank.org/id/knowledgeofpartnerpriorbehavior/present,present,1
440,https://data.cooperationdatabank.org/id/dependentvariable/cooperation,https://data.cooperationdatabank.org/vocab/prop/ReputationVariable,https://data.cooperationdatabank.org/vocab/prop/knowledgeOfPartnerPriorBehavior,Knowledge of partner's prior behavior,https://data.cooperationdatabank.org/id/knowledgeofpartnerpriorbehavior/cooperative,cooperative,https://data.cooperationdatabank.org/id/knowledgeofpartnerpriorbehavior/absent,absent,6
441,https://data.cooperationdatabank.org/id/dependentvariable/cooperation,https://data.cooperationdatabank.org/vocab/prop/ReputationVariable,https://data.cooperationdatabank.org/vocab/prop/knowledgeOfPartnerPriorBehavior,Knowledge of partner's prior behavior,https://data.cooperationdatabank.org/id/knowledgeofpartnerpriorbehavior/cooperative,cooperative,https://data.cooperationdatabank.org/id/knowledgeofpartnerpriorbehavior/noncooperative,noncooperative,11
442,https://data.cooperationdatabank.org/id/dependentvariable/cooperation,https://data.cooperationdatabank.org/vocab/prop/ReputationVariable,https://data.cooperationdatabank.org/vocab/prop/partnerSelection,Partner selection,https://data.cooperationdatabank.org/id/partnerselection/present,present,https://data.cooperationdatabank.org/id/partnerselection/absent,absent,5
525,https://data.cooperationdatabank.org/id/dependentvariable/withdrawals,https://data.cooperationdatabank.org/vocab/prop/ReputationVariable,https://data.cooperationdatabank.org/vocab/prop/anonymityManipul,Anonymity manipulation,https://data.cooperationdatabank.org/id/anonymitymanipul/high,High,https://data.cooperationdatabank.org/id/anonymitymanipul/low,Low,5
526,https://data.cooperationdatabank.org/id/dependentvariable/withdrawals,https://data.cooperationdatabank.org/vocab/prop/ReputationVariable,https://data.cooperationdatabank.org/vocab/prop/anonymityManipul,Anonymity manipulation,https://data.cooperationdatabank.org/id/anonymitymanipul/high,High,https://data.cooperationdatabank.org/id/anonymitymanipul/medium,Medium,2
527,https://data.cooperationdatabank.org/id/dependentvariable/withdrawals,https://data.cooperationdatabank.org/vocab/prop/ReputationVariable,https://data.cooperationdatabank.org/vocab/prop/anonymityManipul,Anonymity manipulation,https://data.cooperationdatabank.org/id/anonymitymanipul/low,Low,https://data.cooperationdatabank.org/id/anonymitymanipul/medium,Medium,2
