,dependent,giv_prop,iv,iv_label,cat_t1,cat_t1_label,cat_t2,cat_t2_label,mod,mod_label,mod_val,mod_val_label,obs
1128,https://data.cooperationdatabank.org/id/dependentvariable/contributions,https://data.cooperationdatabank.org/vocab/prop/EthnicityVariable,https://data.cooperationdatabank.org/vocab/prop/ethnicityUS,Ethnicity (US),https://data.cooperationdatabank.org/id/ethnicityus/white,White,https://data.cooperationdatabank.org/id/ethnicityus/black_or_african_american,Black or African American,https://data.cooperationdatabank.org/vocab/prop/country,has country,https://data.cooperationdatabank.org/id/country/USA,USA,1
1129,https://data.cooperationdatabank.org/id/dependentvariable/contributions,https://data.cooperationdatabank.org/vocab/prop/EthnicityVariable,https://data.cooperationdatabank.org/vocab/prop/ethnicityUS,Ethnicity (US),https://data.cooperationdatabank.org/id/ethnicityus/white,White,https://data.cooperationdatabank.org/id/ethnicityus/black_or_african_american,Black or African American,https://data.cooperationdatabank.org/vocab/prop/country,has country,https://data.cooperationdatabank.org/id/country/ZAF,ZAF,3
1130,https://data.cooperationdatabank.org/id/dependentvariable/contributions,https://data.cooperationdatabank.org/vocab/prop/EthnicityVariable,https://data.cooperationdatabank.org/vocab/prop/ethnicityUS,Ethnicity (US),https://data.cooperationdatabank.org/id/ethnicityus/white,White,https://data.cooperationdatabank.org/id/ethnicityus/black_or_african_american,Black or African American,https://data.cooperationdatabank.org/vocab/prop/countrySource,Source of country or region,https://data.cooperationdatabank.org/id/countrysource/1,Specified country,1
1131,https://data.cooperationdatabank.org/id/dependentvariable/contributions,https://data.cooperationdatabank.org/vocab/prop/EthnicityVariable,https://data.cooperationdatabank.org/vocab/prop/ethnicityUS,Ethnicity (US),https://data.cooperationdatabank.org/id/ethnicityus/white,White,https://data.cooperationdatabank.org/id/ethnicityus/black_or_african_american,Black or African American,https://data.cooperationdatabank.org/vocab/prop/countrySource,Source of country or region,https://data.cooperationdatabank.org/id/countrysource/2,Multiple countries,3
1132,https://data.cooperationdatabank.org/id/dependentvariable/contributions,https://data.cooperationdatabank.org/vocab/prop/EthnicityVariable,https://data.cooperationdatabank.org/vocab/prop/ethnicityUS,Ethnicity (US),https://data.cooperationdatabank.org/id/ethnicityus/white,White,https://data.cooperationdatabank.org/id/ethnicityus/black_or_african_american,Black or African American,https://data.cooperationdatabank.org/vocab/prop/deception,Deception,false,na,4
1133,https://data.cooperationdatabank.org/id/dependentvariable/contributions,https://data.cooperationdatabank.org/vocab/prop/EthnicityVariable,https://data.cooperationdatabank.org/vocab/prop/ethnicityUS,Ethnicity (US),https://data.cooperationdatabank.org/id/ethnicityus/white,White,https://data.cooperationdatabank.org/id/ethnicityus/black_or_african_american,Black or African American,https://data.cooperationdatabank.org/vocab/prop/discussion,Discussion,https://data.cooperationdatabank.org/id/discussion/0,Absent,4
1134,https://data.cooperationdatabank.org/id/dependentvariable/contributions,https://data.cooperationdatabank.org/vocab/prop/EthnicityVariable,https://data.cooperationdatabank.org/vocab/prop/ethnicityUS,Ethnicity (US),https://data.cooperationdatabank.org/id/ethnicityus/white,White,https://data.cooperationdatabank.org/id/ethnicityus/black_or_african_american,Black or African American,https://data.cooperationdatabank.org/vocab/prop/discussion,Discussion,https://data.cooperationdatabank.org/id/discussion/1,Uni-directional,3
1135,https://data.cooperationdatabank.org/id/dependentvariable/contributions,https://data.cooperationdatabank.org/vocab/prop/EthnicityVariable,https://data.cooperationdatabank.org/vocab/prop/ethnicityUS,Ethnicity (US),https://data.cooperationdatabank.org/id/ethnicityus/white,White,https://data.cooperationdatabank.org/id/ethnicityus/black_or_african_american,Black or African American,https://data.cooperationdatabank.org/vocab/prop/publicationStatus,Published,https://data.cooperationdatabank.org/id/publicationstatus/1,Published Article,4
1136,https://data.cooperationdatabank.org/id/dependentvariable/contributions,https://data.cooperationdatabank.org/vocab/prop/EthnicityVariable,https://data.cooperationdatabank.org/vocab/prop/ethnicityUS,Ethnicity (US),https://data.cooperationdatabank.org/id/ethnicityus/white,White,https://data.cooperationdatabank.org/id/ethnicityus/black_or_african_american,Black or African American,https://data.cooperationdatabank.org/vocab/prop/recruitmentMethod,Recruitment method,https://data.cooperationdatabank.org/id/recruitmentmethod/1,Participant pool,4
1137,https://data.cooperationdatabank.org/id/dependentvariable/contributions,https://data.cooperationdatabank.org/vocab/prop/EthnicityVariable,https://data.cooperationdatabank.org/vocab/prop/ethnicityUS,Ethnicity (US),https://data.cooperationdatabank.org/id/ethnicityus/white,White,https://data.cooperationdatabank.org/id/ethnicityus/black_or_african_american,Black or African American,https://data.cooperationdatabank.org/vocab/prop/sanction,Sanction,false,na,4
1138,https://data.cooperationdatabank.org/id/dependentvariable/contributions,https://data.cooperationdatabank.org/vocab/prop/EthnicityVariable,https://data.cooperationdatabank.org/vocab/prop/ethnicityUS,Ethnicity (US),https://data.cooperationdatabank.org/id/ethnicityus/white,White,https://data.cooperationdatabank.org/id/ethnicityus/black_or_african_american,Black or African American,https://data.cooperationdatabank.org/vocab/prop/studyAcademicDiscipline,Academic discipline,https://data.cooperationdatabank.org/id/studyacademicdiscipline/1,Economics,3
1139,https://data.cooperationdatabank.org/id/dependentvariable/contributions,https://data.cooperationdatabank.org/vocab/prop/EthnicityVariable,https://data.cooperationdatabank.org/vocab/prop/ethnicityUS,Ethnicity (US),https://data.cooperationdatabank.org/id/ethnicityus/white,White,https://data.cooperationdatabank.org/id/ethnicityus/black_or_african_american,Black or African American,https://data.cooperationdatabank.org/vocab/prop/studyAcademicDiscipline,Academic discipline,https://data.cooperationdatabank.org/id/studyacademicdiscipline/5,Other,1
1140,https://data.cooperationdatabank.org/id/dependentvariable/contributions,https://data.cooperationdatabank.org/vocab/prop/EthnicityVariable,https://data.cooperationdatabank.org/vocab/prop/ethnicityUS,Ethnicity (US),https://data.cooperationdatabank.org/id/ethnicityus/white,White,https://data.cooperationdatabank.org/id/ethnicityus/black_or_african_american,Black or African American,https://data.cooperationdatabank.org/vocab/prop/studyAcquaintance,Acquaintance,https://data.cooperationdatabank.org/id/studyacquaintance/0,Strangers,1
1141,https://data.cooperationdatabank.org/id/dependentvariable/contributions,https://data.cooperationdatabank.org/vocab/prop/EthnicityVariable,https://data.cooperationdatabank.org/vocab/prop/ethnicityUS,Ethnicity (US),https://data.cooperationdatabank.org/id/ethnicityus/white,White,https://data.cooperationdatabank.org/id/ethnicityus/black_or_african_american,Black or African American,https://data.cooperationdatabank.org/vocab/prop/studyAcquaintance,Acquaintance,https://data.cooperationdatabank.org/id/studyacquaintance/2,Possible Acquaintance,3
1142,https://data.cooperationdatabank.org/id/dependentvariable/contributions,https://data.cooperationdatabank.org/vocab/prop/EthnicityVariable,https://data.cooperationdatabank.org/vocab/prop/ethnicityUS,Ethnicity (US),https://data.cooperationdatabank.org/id/ethnicityus/white,White,https://data.cooperationdatabank.org/id/ethnicityus/black_or_african_american,Black or African American,https://data.cooperationdatabank.org/vocab/prop/studyContinuousPGG,Continuous vs step-level public goods,https://data.cooperationdatabank.org/id/studycontinuouspgg/1,Continuous,4
1143,https://data.cooperationdatabank.org/id/dependentvariable/contributions,https://data.cooperationdatabank.org/vocab/prop/EthnicityVariable,https://data.cooperationdatabank.org/vocab/prop/ethnicityUS,Ethnicity (US),https://data.cooperationdatabank.org/id/ethnicityus/white,White,https://data.cooperationdatabank.org/id/ethnicityus/black_or_african_american,Black or African American,https://data.cooperationdatabank.org/vocab/prop/studyDilemmaType,Game type,https://data.cooperationdatabank.org/id/studydilemmatype/2,Public Goods Game,4
1144,https://data.cooperationdatabank.org/id/dependentvariable/contributions,https://data.cooperationdatabank.org/vocab/prop/EthnicityVariable,https://data.cooperationdatabank.org/vocab/prop/ethnicityUS,Ethnicity (US),https://data.cooperationdatabank.org/id/ethnicityus/white,White,https://data.cooperationdatabank.org/id/ethnicityus/black_or_african_american,Black or African American,https://data.cooperationdatabank.org/vocab/prop/studyExperimentalSetting,Experimental setting,https://data.cooperationdatabank.org/id/studyexperimentalsetting/2,Lab,3
1145,https://data.cooperationdatabank.org/id/dependentvariable/contributions,https://data.cooperationdatabank.org/vocab/prop/EthnicityVariable,https://data.cooperationdatabank.org/vocab/prop/ethnicityUS,Ethnicity (US),https://data.cooperationdatabank.org/id/ethnicityus/white,White,https://data.cooperationdatabank.org/id/ethnicityus/black_or_african_american,Black or African American,https://data.cooperationdatabank.org/vocab/prop/studyExperimentalSetting,Experimental setting,https://data.cooperationdatabank.org/id/studyexperimentalsetting/3,Class,1
1146,https://data.cooperationdatabank.org/id/dependentvariable/contributions,https://data.cooperationdatabank.org/vocab/prop/EthnicityVariable,https://data.cooperationdatabank.org/vocab/prop/ethnicityUS,Ethnicity (US),https://data.cooperationdatabank.org/id/ethnicityus/white,White,https://data.cooperationdatabank.org/id/ethnicityus/black_or_african_american,Black or African American,https://data.cooperationdatabank.org/vocab/prop/studyGameIncentive,Game incentive,https://data.cooperationdatabank.org/id/studygameincentive/1,Monetary,3
1147,https://data.cooperationdatabank.org/id/dependentvariable/contributions,https://data.cooperationdatabank.org/vocab/prop/EthnicityVariable,https://data.cooperationdatabank.org/vocab/prop/ethnicityUS,Ethnicity (US),https://data.cooperationdatabank.org/id/ethnicityus/white,White,https://data.cooperationdatabank.org/id/ethnicityus/black_or_african_american,Black or African American,https://data.cooperationdatabank.org/vocab/prop/studyKnownEndgame,Known endgame,true,na,4
1148,https://data.cooperationdatabank.org/id/dependentvariable/contributions,https://data.cooperationdatabank.org/vocab/prop/EthnicityVariable,https://data.cooperationdatabank.org/vocab/prop/ethnicityUS,Ethnicity (US),https://data.cooperationdatabank.org/id/ethnicityus/white,White,https://data.cooperationdatabank.org/id/ethnicityus/black_or_african_american,Black or African American,https://data.cooperationdatabank.org/vocab/prop/studyMatchingProtocol,Matching,https://data.cooperationdatabank.org/id/studymatchingprotocol/1,Stranger,1
1149,https://data.cooperationdatabank.org/id/dependentvariable/contributions,https://data.cooperationdatabank.org/vocab/prop/EthnicityVariable,https://data.cooperationdatabank.org/vocab/prop/ethnicityUS,Ethnicity (US),https://data.cooperationdatabank.org/id/ethnicityus/white,White,https://data.cooperationdatabank.org/id/ethnicityus/black_or_african_american,Black or African American,https://data.cooperationdatabank.org/vocab/prop/studyMatchingProtocol,Matching,https://data.cooperationdatabank.org/id/studymatchingprotocol/2,Partner,3
1150,https://data.cooperationdatabank.org/id/dependentvariable/contributions,https://data.cooperationdatabank.org/vocab/prop/EthnicityVariable,https://data.cooperationdatabank.org/vocab/prop/ethnicityUS,Ethnicity (US),https://data.cooperationdatabank.org/id/ethnicityus/white,White,https://data.cooperationdatabank.org/id/ethnicityus/black_or_african_american,Black or African American,https://data.cooperationdatabank.org/vocab/prop/studyOneShot,One-shot vs repeated,https://data.cooperationdatabank.org/id/studyoneshot/0,Repeated,3
1151,https://data.cooperationdatabank.org/id/dependentvariable/contributions,https://data.cooperationdatabank.org/vocab/prop/EthnicityVariable,https://data.cooperationdatabank.org/vocab/prop/ethnicityUS,Ethnicity (US),https://data.cooperationdatabank.org/id/ethnicityus/white,White,https://data.cooperationdatabank.org/id/ethnicityus/black_or_african_american,Black or African American,https://data.cooperationdatabank.org/vocab/prop/studyOneShot,One-shot vs repeated,https://data.cooperationdatabank.org/id/studyoneshot/1,One-shot,1
1152,https://data.cooperationdatabank.org/id/dependentvariable/contributions,https://data.cooperationdatabank.org/vocab/prop/EthnicityVariable,https://data.cooperationdatabank.org/vocab/prop/ethnicityUS,Ethnicity (US),https://data.cooperationdatabank.org/id/ethnicityus/white,White,https://data.cooperationdatabank.org/id/ethnicityus/black_or_african_american,Black or African American,https://data.cooperationdatabank.org/vocab/prop/studyOneShotRepeated,Repeated one-shot game,false,na,1
1153,https://data.cooperationdatabank.org/id/dependentvariable/contributions,https://data.cooperationdatabank.org/vocab/prop/EthnicityVariable,https://data.cooperationdatabank.org/vocab/prop/ethnicityUS,Ethnicity (US),https://data.cooperationdatabank.org/id/ethnicityus/white,White,https://data.cooperationdatabank.org/id/ethnicityus/black_or_african_american,Black or African American,https://data.cooperationdatabank.org/vocab/prop/studyRealPartner,Real partner,https://data.cooperationdatabank.org/id/studyrealpartner/0,Hypothetical,1
1154,https://data.cooperationdatabank.org/id/dependentvariable/contributions,https://data.cooperationdatabank.org/vocab/prop/EthnicityVariable,https://data.cooperationdatabank.org/vocab/prop/ethnicityUS,Ethnicity (US),https://data.cooperationdatabank.org/id/ethnicityus/white,White,https://data.cooperationdatabank.org/id/ethnicityus/black_or_african_american,Black or African American,https://data.cooperationdatabank.org/vocab/prop/studyRealPartner,Real partner,https://data.cooperationdatabank.org/id/studyrealpartner/1,Real,3
1155,https://data.cooperationdatabank.org/id/dependentvariable/contributions,https://data.cooperationdatabank.org/vocab/prop/EthnicityVariable,https://data.cooperationdatabank.org/vocab/prop/ethnicityUS,Ethnicity (US),https://data.cooperationdatabank.org/id/ethnicityus/white,White,https://data.cooperationdatabank.org/id/ethnicityus/black_or_african_american,Black or African American,https://data.cooperationdatabank.org/vocab/prop/studyShowUpFee,Show-up fee,https://data.cooperationdatabank.org/id/studyshowupfee/2,Course credit,1
1156,https://data.cooperationdatabank.org/id/dependentvariable/contributions,https://data.cooperationdatabank.org/vocab/prop/EthnicityVariable,https://data.cooperationdatabank.org/vocab/prop/ethnicityUS,Ethnicity (US),https://data.cooperationdatabank.org/id/ethnicityus/white,White,https://data.cooperationdatabank.org/id/ethnicityus/black_or_african_american,Black or African American,https://data.cooperationdatabank.org/vocab/prop/studyStudentSample,Student sample,true,na,4
1157,https://data.cooperationdatabank.org/id/dependentvariable/contributions,https://data.cooperationdatabank.org/vocab/prop/EthnicityVariable,https://data.cooperationdatabank.org/vocab/prop/ethnicityUS,Ethnicity (US),https://data.cooperationdatabank.org/id/ethnicityus/white,White,https://data.cooperationdatabank.org/id/ethnicityus/black_or_african_american,Black or African American,https://data.cooperationdatabank.org/vocab/prop/studySymmetric,Symmetry,true,na,4
1158,https://data.cooperationdatabank.org/id/dependentvariable/contributions,https://data.cooperationdatabank.org/vocab/prop/EthnicityVariable,https://data.cooperationdatabank.org/vocab/prop/ethnicityUS,Ethnicity (US),https://data.cooperationdatabank.org/id/ethnicityus/white,White,https://data.cooperationdatabank.org/id/ethnicityus/black_or_african_american,Black or African American,https://data.cooperationdatabank.org/vocab/prop/studyTrialOfCooperation,Trial of cooperation,https://data.cooperationdatabank.org/id/studytrialofcooperation/1,All trials,3
1159,https://data.cooperationdatabank.org/id/dependentvariable/contributions,https://data.cooperationdatabank.org/vocab/prop/EthnicityVariable,https://data.cooperationdatabank.org/vocab/prop/ethnicityUS,Ethnicity (US),https://data.cooperationdatabank.org/id/ethnicityus/white,White,https://data.cooperationdatabank.org/id/ethnicityus/black_or_african_american,Black or African American,https://data.cooperationdatabank.org/vocab/prop/yearSource,Source of year of data collection,https://data.cooperationdatabank.org/id/yearsource/4,Received/Submitted,3
1160,https://data.cooperationdatabank.org/id/dependentvariable/contributions,https://data.cooperationdatabank.org/vocab/prop/EthnicityVariable,https://data.cooperationdatabank.org/vocab/prop/ethnicityUS,Ethnicity (US),https://data.cooperationdatabank.org/id/ethnicityus/white,White,https://data.cooperationdatabank.org/id/ethnicityus/black_or_african_american,Black or African American,https://data.cooperationdatabank.org/vocab/prop/yearSource,Source of year of data collection,https://data.cooperationdatabank.org/id/yearsource/5,Published,1
1161,https://data.cooperationdatabank.org/id/dependentvariable/contributions,https://data.cooperationdatabank.org/vocab/prop/EthnicityVariable,https://data.cooperationdatabank.org/vocab/prop/ethnicityUS,Ethnicity (US),https://data.cooperationdatabank.org/id/ethnicityus/white,White,https://data.cooperationdatabank.org/id/ethnicityus/other,Other,https://data.cooperationdatabank.org/vocab/prop/country,has country,https://data.cooperationdatabank.org/id/country/USA,USA,1
1162,https://data.cooperationdatabank.org/id/dependentvariable/contributions,https://data.cooperationdatabank.org/vocab/prop/EthnicityVariable,https://data.cooperationdatabank.org/vocab/prop/ethnicityUS,Ethnicity (US),https://data.cooperationdatabank.org/id/ethnicityus/white,White,https://data.cooperationdatabank.org/id/ethnicityus/other,Other,https://data.cooperationdatabank.org/vocab/prop/countrySource,Source of country or region,https://data.cooperationdatabank.org/id/countrysource/1,Specified country,1
1163,https://data.cooperationdatabank.org/id/dependentvariable/contributions,https://data.cooperationdatabank.org/vocab/prop/EthnicityVariable,https://data.cooperationdatabank.org/vocab/prop/ethnicityUS,Ethnicity (US),https://data.cooperationdatabank.org/id/ethnicityus/white,White,https://data.cooperationdatabank.org/id/ethnicityus/other,Other,https://data.cooperationdatabank.org/vocab/prop/deception,Deception,false,na,1
1164,https://data.cooperationdatabank.org/id/dependentvariable/contributions,https://data.cooperationdatabank.org/vocab/prop/EthnicityVariable,https://data.cooperationdatabank.org/vocab/prop/ethnicityUS,Ethnicity (US),https://data.cooperationdatabank.org/id/ethnicityus/white,White,https://data.cooperationdatabank.org/id/ethnicityus/other,Other,https://data.cooperationdatabank.org/vocab/prop/discussion,Discussion,https://data.cooperationdatabank.org/id/discussion/0,Absent,1
1165,https://data.cooperationdatabank.org/id/dependentvariable/contributions,https://data.cooperationdatabank.org/vocab/prop/EthnicityVariable,https://data.cooperationdatabank.org/vocab/prop/ethnicityUS,Ethnicity (US),https://data.cooperationdatabank.org/id/ethnicityus/white,White,https://data.cooperationdatabank.org/id/ethnicityus/other,Other,https://data.cooperationdatabank.org/vocab/prop/publicationStatus,Published,https://data.cooperationdatabank.org/id/publicationstatus/1,Published Article,1
1166,https://data.cooperationdatabank.org/id/dependentvariable/contributions,https://data.cooperationdatabank.org/vocab/prop/EthnicityVariable,https://data.cooperationdatabank.org/vocab/prop/ethnicityUS,Ethnicity (US),https://data.cooperationdatabank.org/id/ethnicityus/white,White,https://data.cooperationdatabank.org/id/ethnicityus/other,Other,https://data.cooperationdatabank.org/vocab/prop/recruitmentMethod,Recruitment method,https://data.cooperationdatabank.org/id/recruitmentmethod/1,Participant pool,1
1167,https://data.cooperationdatabank.org/id/dependentvariable/contributions,https://data.cooperationdatabank.org/vocab/prop/EthnicityVariable,https://data.cooperationdatabank.org/vocab/prop/ethnicityUS,Ethnicity (US),https://data.cooperationdatabank.org/id/ethnicityus/white,White,https://data.cooperationdatabank.org/id/ethnicityus/other,Other,https://data.cooperationdatabank.org/vocab/prop/sanction,Sanction,false,na,1
1168,https://data.cooperationdatabank.org/id/dependentvariable/contributions,https://data.cooperationdatabank.org/vocab/prop/EthnicityVariable,https://data.cooperationdatabank.org/vocab/prop/ethnicityUS,Ethnicity (US),https://data.cooperationdatabank.org/id/ethnicityus/white,White,https://data.cooperationdatabank.org/id/ethnicityus/other,Other,https://data.cooperationdatabank.org/vocab/prop/studyAcademicDiscipline,Academic discipline,https://data.cooperationdatabank.org/id/studyacademicdiscipline/5,Other,1
1169,https://data.cooperationdatabank.org/id/dependentvariable/contributions,https://data.cooperationdatabank.org/vocab/prop/EthnicityVariable,https://data.cooperationdatabank.org/vocab/prop/ethnicityUS,Ethnicity (US),https://data.cooperationdatabank.org/id/ethnicityus/white,White,https://data.cooperationdatabank.org/id/ethnicityus/other,Other,https://data.cooperationdatabank.org/vocab/prop/studyAcquaintance,Acquaintance,https://data.cooperationdatabank.org/id/studyacquaintance/0,Strangers,1
1170,https://data.cooperationdatabank.org/id/dependentvariable/contributions,https://data.cooperationdatabank.org/vocab/prop/EthnicityVariable,https://data.cooperationdatabank.org/vocab/prop/ethnicityUS,Ethnicity (US),https://data.cooperationdatabank.org/id/ethnicityus/white,White,https://data.cooperationdatabank.org/id/ethnicityus/other,Other,https://data.cooperationdatabank.org/vocab/prop/studyContinuousPGG,Continuous vs step-level public goods,https://data.cooperationdatabank.org/id/studycontinuouspgg/1,Continuous,1
1171,https://data.cooperationdatabank.org/id/dependentvariable/contributions,https://data.cooperationdatabank.org/vocab/prop/EthnicityVariable,https://data.cooperationdatabank.org/vocab/prop/ethnicityUS,Ethnicity (US),https://data.cooperationdatabank.org/id/ethnicityus/white,White,https://data.cooperationdatabank.org/id/ethnicityus/other,Other,https://data.cooperationdatabank.org/vocab/prop/studyDilemmaType,Game type,https://data.cooperationdatabank.org/id/studydilemmatype/2,Public Goods Game,1
1172,https://data.cooperationdatabank.org/id/dependentvariable/contributions,https://data.cooperationdatabank.org/vocab/prop/EthnicityVariable,https://data.cooperationdatabank.org/vocab/prop/ethnicityUS,Ethnicity (US),https://data.cooperationdatabank.org/id/ethnicityus/white,White,https://data.cooperationdatabank.org/id/ethnicityus/other,Other,https://data.cooperationdatabank.org/vocab/prop/studyExperimentalSetting,Experimental setting,https://data.cooperationdatabank.org/id/studyexperimentalsetting/3,Class,1
1173,https://data.cooperationdatabank.org/id/dependentvariable/contributions,https://data.cooperationdatabank.org/vocab/prop/EthnicityVariable,https://data.cooperationdatabank.org/vocab/prop/ethnicityUS,Ethnicity (US),https://data.cooperationdatabank.org/id/ethnicityus/white,White,https://data.cooperationdatabank.org/id/ethnicityus/other,Other,https://data.cooperationdatabank.org/vocab/prop/studyKnownEndgame,Known endgame,true,na,1
1174,https://data.cooperationdatabank.org/id/dependentvariable/contributions,https://data.cooperationdatabank.org/vocab/prop/EthnicityVariable,https://data.cooperationdatabank.org/vocab/prop/ethnicityUS,Ethnicity (US),https://data.cooperationdatabank.org/id/ethnicityus/white,White,https://data.cooperationdatabank.org/id/ethnicityus/other,Other,https://data.cooperationdatabank.org/vocab/prop/studyMatchingProtocol,Matching,https://data.cooperationdatabank.org/id/studymatchingprotocol/1,Stranger,1
1175,https://data.cooperationdatabank.org/id/dependentvariable/contributions,https://data.cooperationdatabank.org/vocab/prop/EthnicityVariable,https://data.cooperationdatabank.org/vocab/prop/ethnicityUS,Ethnicity (US),https://data.cooperationdatabank.org/id/ethnicityus/white,White,https://data.cooperationdatabank.org/id/ethnicityus/other,Other,https://data.cooperationdatabank.org/vocab/prop/studyOneShot,One-shot vs repeated,https://data.cooperationdatabank.org/id/studyoneshot/1,One-shot,1
1176,https://data.cooperationdatabank.org/id/dependentvariable/contributions,https://data.cooperationdatabank.org/vocab/prop/EthnicityVariable,https://data.cooperationdatabank.org/vocab/prop/ethnicityUS,Ethnicity (US),https://data.cooperationdatabank.org/id/ethnicityus/white,White,https://data.cooperationdatabank.org/id/ethnicityus/other,Other,https://data.cooperationdatabank.org/vocab/prop/studyOneShotRepeated,Repeated one-shot game,false,na,1
1177,https://data.cooperationdatabank.org/id/dependentvariable/contributions,https://data.cooperationdatabank.org/vocab/prop/EthnicityVariable,https://data.cooperationdatabank.org/vocab/prop/ethnicityUS,Ethnicity (US),https://data.cooperationdatabank.org/id/ethnicityus/white,White,https://data.cooperationdatabank.org/id/ethnicityus/other,Other,https://data.cooperationdatabank.org/vocab/prop/studyRealPartner,Real partner,https://data.cooperationdatabank.org/id/studyrealpartner/0,Hypothetical,1
1178,https://data.cooperationdatabank.org/id/dependentvariable/contributions,https://data.cooperationdatabank.org/vocab/prop/EthnicityVariable,https://data.cooperationdatabank.org/vocab/prop/ethnicityUS,Ethnicity (US),https://data.cooperationdatabank.org/id/ethnicityus/white,White,https://data.cooperationdatabank.org/id/ethnicityus/other,Other,https://data.cooperationdatabank.org/vocab/prop/studyShowUpFee,Show-up fee,https://data.cooperationdatabank.org/id/studyshowupfee/2,Course credit,1
1179,https://data.cooperationdatabank.org/id/dependentvariable/contributions,https://data.cooperationdatabank.org/vocab/prop/EthnicityVariable,https://data.cooperationdatabank.org/vocab/prop/ethnicityUS,Ethnicity (US),https://data.cooperationdatabank.org/id/ethnicityus/white,White,https://data.cooperationdatabank.org/id/ethnicityus/other,Other,https://data.cooperationdatabank.org/vocab/prop/studyStudentSample,Student sample,true,na,1
1180,https://data.cooperationdatabank.org/id/dependentvariable/contributions,https://data.cooperationdatabank.org/vocab/prop/EthnicityVariable,https://data.cooperationdatabank.org/vocab/prop/ethnicityUS,Ethnicity (US),https://data.cooperationdatabank.org/id/ethnicityus/white,White,https://data.cooperationdatabank.org/id/ethnicityus/other,Other,https://data.cooperationdatabank.org/vocab/prop/studySymmetric,Symmetry,true,na,1
1181,https://data.cooperationdatabank.org/id/dependentvariable/contributions,https://data.cooperationdatabank.org/vocab/prop/EthnicityVariable,https://data.cooperationdatabank.org/vocab/prop/ethnicityUS,Ethnicity (US),https://data.cooperationdatabank.org/id/ethnicityus/white,White,https://data.cooperationdatabank.org/id/ethnicityus/other,Other,https://data.cooperationdatabank.org/vocab/prop/yearSource,Source of year of data collection,https://data.cooperationdatabank.org/id/yearsource/5,Published,1
1182,https://data.cooperationdatabank.org/id/dependentvariable/contributions,https://data.cooperationdatabank.org/vocab/prop/EthnicityVariable,https://data.cooperationdatabank.org/vocab/prop/heterogeneousEthnicity,Heterogeneous ethnicity,false,na,true,na,https://data.cooperationdatabank.org/vocab/prop/country,has country,https://data.cooperationdatabank.org/id/country/GBR,GBR,2
1183,https://data.cooperationdatabank.org/id/dependentvariable/contributions,https://data.cooperationdatabank.org/vocab/prop/EthnicityVariable,https://data.cooperationdatabank.org/vocab/prop/heterogeneousEthnicity,Heterogeneous ethnicity,false,na,true,na,https://data.cooperationdatabank.org/vocab/prop/country,has country,https://data.cooperationdatabank.org/id/country/ITA,ITA,2
1184,https://data.cooperationdatabank.org/id/dependentvariable/contributions,https://data.cooperationdatabank.org/vocab/prop/EthnicityVariable,https://data.cooperationdatabank.org/vocab/prop/heterogeneousEthnicity,Heterogeneous ethnicity,false,na,true,na,https://data.cooperationdatabank.org/vocab/prop/country,has country,https://data.cooperationdatabank.org/id/country/ZAF,ZAF,2
1185,https://data.cooperationdatabank.org/id/dependentvariable/contributions,https://data.cooperationdatabank.org/vocab/prop/EthnicityVariable,https://data.cooperationdatabank.org/vocab/prop/heterogeneousEthnicity,Heterogeneous ethnicity,false,na,true,na,https://data.cooperationdatabank.org/vocab/prop/countrySource,Source of country or region,https://data.cooperationdatabank.org/id/countrysource/1,Specified country,2
1186,https://data.cooperationdatabank.org/id/dependentvariable/contributions,https://data.cooperationdatabank.org/vocab/prop/EthnicityVariable,https://data.cooperationdatabank.org/vocab/prop/heterogeneousEthnicity,Heterogeneous ethnicity,false,na,true,na,https://data.cooperationdatabank.org/vocab/prop/countrySource,Source of country or region,https://data.cooperationdatabank.org/id/countrysource/2,Multiple countries,2
1187,https://data.cooperationdatabank.org/id/dependentvariable/contributions,https://data.cooperationdatabank.org/vocab/prop/EthnicityVariable,https://data.cooperationdatabank.org/vocab/prop/heterogeneousEthnicity,Heterogeneous ethnicity,false,na,true,na,https://data.cooperationdatabank.org/vocab/prop/deception,Deception,false,na,4
1188,https://data.cooperationdatabank.org/id/dependentvariable/contributions,https://data.cooperationdatabank.org/vocab/prop/EthnicityVariable,https://data.cooperationdatabank.org/vocab/prop/heterogeneousEthnicity,Heterogeneous ethnicity,false,na,true,na,https://data.cooperationdatabank.org/vocab/prop/discussion,Discussion,https://data.cooperationdatabank.org/id/discussion/0,Absent,4
1189,https://data.cooperationdatabank.org/id/dependentvariable/contributions,https://data.cooperationdatabank.org/vocab/prop/EthnicityVariable,https://data.cooperationdatabank.org/vocab/prop/heterogeneousEthnicity,Heterogeneous ethnicity,false,na,true,na,https://data.cooperationdatabank.org/vocab/prop/discussion,Discussion,https://data.cooperationdatabank.org/id/discussion/1,Uni-directional,2
1190,https://data.cooperationdatabank.org/id/dependentvariable/contributions,https://data.cooperationdatabank.org/vocab/prop/EthnicityVariable,https://data.cooperationdatabank.org/vocab/prop/heterogeneousEthnicity,Heterogeneous ethnicity,false,na,true,na,https://data.cooperationdatabank.org/vocab/prop/publicationStatus,Published,https://data.cooperationdatabank.org/id/publicationstatus/1,Published Article,4
1191,https://data.cooperationdatabank.org/id/dependentvariable/contributions,https://data.cooperationdatabank.org/vocab/prop/EthnicityVariable,https://data.cooperationdatabank.org/vocab/prop/heterogeneousEthnicity,Heterogeneous ethnicity,false,na,true,na,https://data.cooperationdatabank.org/vocab/prop/recruitmentMethod,Recruitment method,https://data.cooperationdatabank.org/id/recruitmentmethod/1,Participant pool,4
1192,https://data.cooperationdatabank.org/id/dependentvariable/contributions,https://data.cooperationdatabank.org/vocab/prop/EthnicityVariable,https://data.cooperationdatabank.org/vocab/prop/heterogeneousEthnicity,Heterogeneous ethnicity,false,na,true,na,https://data.cooperationdatabank.org/vocab/prop/sanction,Sanction,false,na,4
1193,https://data.cooperationdatabank.org/id/dependentvariable/contributions,https://data.cooperationdatabank.org/vocab/prop/EthnicityVariable,https://data.cooperationdatabank.org/vocab/prop/heterogeneousEthnicity,Heterogeneous ethnicity,false,na,true,na,https://data.cooperationdatabank.org/vocab/prop/studyAcademicDiscipline,Academic discipline,https://data.cooperationdatabank.org/id/studyacademicdiscipline/1,Economics,2
1194,https://data.cooperationdatabank.org/id/dependentvariable/contributions,https://data.cooperationdatabank.org/vocab/prop/EthnicityVariable,https://data.cooperationdatabank.org/vocab/prop/heterogeneousEthnicity,Heterogeneous ethnicity,false,na,true,na,https://data.cooperationdatabank.org/vocab/prop/studyAcademicDiscipline,Academic discipline,https://data.cooperationdatabank.org/id/studyacademicdiscipline/4,Mixed,2
1195,https://data.cooperationdatabank.org/id/dependentvariable/contributions,https://data.cooperationdatabank.org/vocab/prop/EthnicityVariable,https://data.cooperationdatabank.org/vocab/prop/heterogeneousEthnicity,Heterogeneous ethnicity,false,na,true,na,https://data.cooperationdatabank.org/vocab/prop/studyAcquaintance,Acquaintance,https://data.cooperationdatabank.org/id/studyacquaintance/0,Strangers,2
1196,https://data.cooperationdatabank.org/id/dependentvariable/contributions,https://data.cooperationdatabank.org/vocab/prop/EthnicityVariable,https://data.cooperationdatabank.org/vocab/prop/heterogeneousEthnicity,Heterogeneous ethnicity,false,na,true,na,https://data.cooperationdatabank.org/vocab/prop/studyAcquaintance,Acquaintance,https://data.cooperationdatabank.org/id/studyacquaintance/2,Possible Acquaintance,2
1197,https://data.cooperationdatabank.org/id/dependentvariable/contributions,https://data.cooperationdatabank.org/vocab/prop/EthnicityVariable,https://data.cooperationdatabank.org/vocab/prop/heterogeneousEthnicity,Heterogeneous ethnicity,false,na,true,na,https://data.cooperationdatabank.org/vocab/prop/studyContinuousPGG,Continuous vs step-level public goods,https://data.cooperationdatabank.org/id/studycontinuouspgg/1,Continuous,4
1198,https://data.cooperationdatabank.org/id/dependentvariable/contributions,https://data.cooperationdatabank.org/vocab/prop/EthnicityVariable,https://data.cooperationdatabank.org/vocab/prop/heterogeneousEthnicity,Heterogeneous ethnicity,false,na,true,na,https://data.cooperationdatabank.org/vocab/prop/studyDilemmaType,Game type,https://data.cooperationdatabank.org/id/studydilemmatype/2,Public Goods Game,4
1199,https://data.cooperationdatabank.org/id/dependentvariable/contributions,https://data.cooperationdatabank.org/vocab/prop/EthnicityVariable,https://data.cooperationdatabank.org/vocab/prop/heterogeneousEthnicity,Heterogeneous ethnicity,false,na,true,na,https://data.cooperationdatabank.org/vocab/prop/studyExperimentalSetting,Experimental setting,https://data.cooperationdatabank.org/id/studyexperimentalsetting/2,Lab,4
1200,https://data.cooperationdatabank.org/id/dependentvariable/contributions,https://data.cooperationdatabank.org/vocab/prop/EthnicityVariable,https://data.cooperationdatabank.org/vocab/prop/heterogeneousEthnicity,Heterogeneous ethnicity,false,na,true,na,https://data.cooperationdatabank.org/vocab/prop/studyGameIncentive,Game incentive,https://data.cooperationdatabank.org/id/studygameincentive/1,Monetary,4
1201,https://data.cooperationdatabank.org/id/dependentvariable/contributions,https://data.cooperationdatabank.org/vocab/prop/EthnicityVariable,https://data.cooperationdatabank.org/vocab/prop/heterogeneousEthnicity,Heterogeneous ethnicity,false,na,true,na,https://data.cooperationdatabank.org/vocab/prop/studyKnownEndgame,Known endgame,true,na,2
1202,https://data.cooperationdatabank.org/id/dependentvariable/contributions,https://data.cooperationdatabank.org/vocab/prop/EthnicityVariable,https://data.cooperationdatabank.org/vocab/prop/heterogeneousEthnicity,Heterogeneous ethnicity,false,na,true,na,https://data.cooperationdatabank.org/vocab/prop/studyMatchingProtocol,Matching,https://data.cooperationdatabank.org/id/studymatchingprotocol/2,Partner,4
1203,https://data.cooperationdatabank.org/id/dependentvariable/contributions,https://data.cooperationdatabank.org/vocab/prop/EthnicityVariable,https://data.cooperationdatabank.org/vocab/prop/heterogeneousEthnicity,Heterogeneous ethnicity,false,na,true,na,https://data.cooperationdatabank.org/vocab/prop/studyOneShot,One-shot vs repeated,https://data.cooperationdatabank.org/id/studyoneshot/0,Repeated,4
1204,https://data.cooperationdatabank.org/id/dependentvariable/contributions,https://data.cooperationdatabank.org/vocab/prop/EthnicityVariable,https://data.cooperationdatabank.org/vocab/prop/heterogeneousEthnicity,Heterogeneous ethnicity,false,na,true,na,https://data.cooperationdatabank.org/vocab/prop/studyRealPartner,Real partner,https://data.cooperationdatabank.org/id/studyrealpartner/1,Real,4
1205,https://data.cooperationdatabank.org/id/dependentvariable/contributions,https://data.cooperationdatabank.org/vocab/prop/EthnicityVariable,https://data.cooperationdatabank.org/vocab/prop/heterogeneousEthnicity,Heterogeneous ethnicity,false,na,true,na,https://data.cooperationdatabank.org/vocab/prop/studyShowUpFee,Show-up fee,https://data.cooperationdatabank.org/id/studyshowupfee/0,Absent,2
1206,https://data.cooperationdatabank.org/id/dependentvariable/contributions,https://data.cooperationdatabank.org/vocab/prop/EthnicityVariable,https://data.cooperationdatabank.org/vocab/prop/heterogeneousEthnicity,Heterogeneous ethnicity,false,na,true,na,https://data.cooperationdatabank.org/vocab/prop/studyStudentSample,Student sample,true,na,4
1207,https://data.cooperationdatabank.org/id/dependentvariable/contributions,https://data.cooperationdatabank.org/vocab/prop/EthnicityVariable,https://data.cooperationdatabank.org/vocab/prop/heterogeneousEthnicity,Heterogeneous ethnicity,false,na,true,na,https://data.cooperationdatabank.org/vocab/prop/studySymmetric,Symmetry,true,na,4
1208,https://data.cooperationdatabank.org/id/dependentvariable/contributions,https://data.cooperationdatabank.org/vocab/prop/EthnicityVariable,https://data.cooperationdatabank.org/vocab/prop/heterogeneousEthnicity,Heterogeneous ethnicity,false,na,true,na,https://data.cooperationdatabank.org/vocab/prop/studyTrialOfCooperation,Trial of cooperation,https://data.cooperationdatabank.org/id/studytrialofcooperation/1,All trials,4
1209,https://data.cooperationdatabank.org/id/dependentvariable/contributions,https://data.cooperationdatabank.org/vocab/prop/EthnicityVariable,https://data.cooperationdatabank.org/vocab/prop/heterogeneousEthnicity,Heterogeneous ethnicity,false,na,true,na,https://data.cooperationdatabank.org/vocab/prop/yearSource,Source of year of data collection,https://data.cooperationdatabank.org/id/yearsource/4,Received/Submitted,4
8031,https://data.cooperationdatabank.org/id/dependentvariable/cooperation,https://data.cooperationdatabank.org/vocab/prop/EthnicityVariable,https://data.cooperationdatabank.org/vocab/prop/ethnicityUS,Ethnicity (US),https://data.cooperationdatabank.org/id/ethnicityus/white,White,https://data.cooperationdatabank.org/id/ethnicityus/asian,Asian,https://data.cooperationdatabank.org/vocab/prop/country,has country,https://data.cooperationdatabank.org/id/country/CHN,CHN,1
8032,https://data.cooperationdatabank.org/id/dependentvariable/cooperation,https://data.cooperationdatabank.org/vocab/prop/EthnicityVariable,https://data.cooperationdatabank.org/vocab/prop/ethnicityUS,Ethnicity (US),https://data.cooperationdatabank.org/id/ethnicityus/white,White,https://data.cooperationdatabank.org/id/ethnicityus/asian,Asian,https://data.cooperationdatabank.org/vocab/prop/country,has country,https://data.cooperationdatabank.org/id/country/USA,USA,2
8033,https://data.cooperationdatabank.org/id/dependentvariable/cooperation,https://data.cooperationdatabank.org/vocab/prop/EthnicityVariable,https://data.cooperationdatabank.org/vocab/prop/ethnicityUS,Ethnicity (US),https://data.cooperationdatabank.org/id/ethnicityus/white,White,https://data.cooperationdatabank.org/id/ethnicityus/asian,Asian,https://data.cooperationdatabank.org/vocab/prop/countrySource,Source of country or region,https://data.cooperationdatabank.org/id/countrysource/1,Specified country,1
8034,https://data.cooperationdatabank.org/id/dependentvariable/cooperation,https://data.cooperationdatabank.org/vocab/prop/EthnicityVariable,https://data.cooperationdatabank.org/vocab/prop/ethnicityUS,Ethnicity (US),https://data.cooperationdatabank.org/id/ethnicityus/white,White,https://data.cooperationdatabank.org/id/ethnicityus/asian,Asian,https://data.cooperationdatabank.org/vocab/prop/countrySource,Source of country or region,https://data.cooperationdatabank.org/id/countrysource/2,Multiple countries,1
8035,https://data.cooperationdatabank.org/id/dependentvariable/cooperation,https://data.cooperationdatabank.org/vocab/prop/EthnicityVariable,https://data.cooperationdatabank.org/vocab/prop/ethnicityUS,Ethnicity (US),https://data.cooperationdatabank.org/id/ethnicityus/white,White,https://data.cooperationdatabank.org/id/ethnicityus/asian,Asian,https://data.cooperationdatabank.org/vocab/prop/deception,Deception,false,na,2
8036,https://data.cooperationdatabank.org/id/dependentvariable/cooperation,https://data.cooperationdatabank.org/vocab/prop/EthnicityVariable,https://data.cooperationdatabank.org/vocab/prop/ethnicityUS,Ethnicity (US),https://data.cooperationdatabank.org/id/ethnicityus/white,White,https://data.cooperationdatabank.org/id/ethnicityus/asian,Asian,https://data.cooperationdatabank.org/vocab/prop/discussion,Discussion,https://data.cooperationdatabank.org/id/discussion/0,Absent,2
8037,https://data.cooperationdatabank.org/id/dependentvariable/cooperation,https://data.cooperationdatabank.org/vocab/prop/EthnicityVariable,https://data.cooperationdatabank.org/vocab/prop/ethnicityUS,Ethnicity (US),https://data.cooperationdatabank.org/id/ethnicityus/white,White,https://data.cooperationdatabank.org/id/ethnicityus/asian,Asian,https://data.cooperationdatabank.org/vocab/prop/publicationStatus,Published,https://data.cooperationdatabank.org/id/publicationstatus/1,Published Article,2
8038,https://data.cooperationdatabank.org/id/dependentvariable/cooperation,https://data.cooperationdatabank.org/vocab/prop/EthnicityVariable,https://data.cooperationdatabank.org/vocab/prop/ethnicityUS,Ethnicity (US),https://data.cooperationdatabank.org/id/ethnicityus/white,White,https://data.cooperationdatabank.org/id/ethnicityus/asian,Asian,https://data.cooperationdatabank.org/vocab/prop/recruitmentMethod,Recruitment method,https://data.cooperationdatabank.org/id/recruitmentmethod/1,Participant pool,1
8039,https://data.cooperationdatabank.org/id/dependentvariable/cooperation,https://data.cooperationdatabank.org/vocab/prop/EthnicityVariable,https://data.cooperationdatabank.org/vocab/prop/ethnicityUS,Ethnicity (US),https://data.cooperationdatabank.org/id/ethnicityus/white,White,https://data.cooperationdatabank.org/id/ethnicityus/asian,Asian,https://data.cooperationdatabank.org/vocab/prop/sanction,Sanction,false,na,2
8040,https://data.cooperationdatabank.org/id/dependentvariable/cooperation,https://data.cooperationdatabank.org/vocab/prop/EthnicityVariable,https://data.cooperationdatabank.org/vocab/prop/ethnicityUS,Ethnicity (US),https://data.cooperationdatabank.org/id/ethnicityus/white,White,https://data.cooperationdatabank.org/id/ethnicityus/asian,Asian,https://data.cooperationdatabank.org/vocab/prop/studyAcademicDiscipline,Academic discipline,https://data.cooperationdatabank.org/id/studyacademicdiscipline/2,Psychology,1
8041,https://data.cooperationdatabank.org/id/dependentvariable/cooperation,https://data.cooperationdatabank.org/vocab/prop/EthnicityVariable,https://data.cooperationdatabank.org/vocab/prop/ethnicityUS,Ethnicity (US),https://data.cooperationdatabank.org/id/ethnicityus/white,White,https://data.cooperationdatabank.org/id/ethnicityus/asian,Asian,https://data.cooperationdatabank.org/vocab/prop/studyAcquaintance,Acquaintance,https://data.cooperationdatabank.org/id/studyacquaintance/0,Strangers,1
8042,https://data.cooperationdatabank.org/id/dependentvariable/cooperation,https://data.cooperationdatabank.org/vocab/prop/EthnicityVariable,https://data.cooperationdatabank.org/vocab/prop/ethnicityUS,Ethnicity (US),https://data.cooperationdatabank.org/id/ethnicityus/white,White,https://data.cooperationdatabank.org/id/ethnicityus/asian,Asian,https://data.cooperationdatabank.org/vocab/prop/studyAcquaintance,Acquaintance,https://data.cooperationdatabank.org/id/studyacquaintance/2,Possible Acquaintance,1
8043,https://data.cooperationdatabank.org/id/dependentvariable/cooperation,https://data.cooperationdatabank.org/vocab/prop/EthnicityVariable,https://data.cooperationdatabank.org/vocab/prop/ethnicityUS,Ethnicity (US),https://data.cooperationdatabank.org/id/ethnicityus/white,White,https://data.cooperationdatabank.org/id/ethnicityus/asian,Asian,https://data.cooperationdatabank.org/vocab/prop/studyDilemmaType,Game type,https://data.cooperationdatabank.org/id/studydilemmatype/1,Prisoner's Dilemma Game,2
8044,https://data.cooperationdatabank.org/id/dependentvariable/cooperation,https://data.cooperationdatabank.org/vocab/prop/EthnicityVariable,https://data.cooperationdatabank.org/vocab/prop/ethnicityUS,Ethnicity (US),https://data.cooperationdatabank.org/id/ethnicityus/white,White,https://data.cooperationdatabank.org/id/ethnicityus/asian,Asian,https://data.cooperationdatabank.org/vocab/prop/studyExperimentalSetting,Experimental setting,https://data.cooperationdatabank.org/id/studyexperimentalsetting/2,Lab,1
8045,https://data.cooperationdatabank.org/id/dependentvariable/cooperation,https://data.cooperationdatabank.org/vocab/prop/EthnicityVariable,https://data.cooperationdatabank.org/vocab/prop/ethnicityUS,Ethnicity (US),https://data.cooperationdatabank.org/id/ethnicityus/white,White,https://data.cooperationdatabank.org/id/ethnicityus/asian,Asian,https://data.cooperationdatabank.org/vocab/prop/studyExperimentalSetting,Experimental setting,https://data.cooperationdatabank.org/id/studyexperimentalsetting/3,Class,1
8046,https://data.cooperationdatabank.org/id/dependentvariable/cooperation,https://data.cooperationdatabank.org/vocab/prop/EthnicityVariable,https://data.cooperationdatabank.org/vocab/prop/ethnicityUS,Ethnicity (US),https://data.cooperationdatabank.org/id/ethnicityus/white,White,https://data.cooperationdatabank.org/id/ethnicityus/asian,Asian,https://data.cooperationdatabank.org/vocab/prop/studyGameIncentive,Game incentive,https://data.cooperationdatabank.org/id/studygameincentive/1,Monetary,2
8047,https://data.cooperationdatabank.org/id/dependentvariable/cooperation,https://data.cooperationdatabank.org/vocab/prop/EthnicityVariable,https://data.cooperationdatabank.org/vocab/prop/ethnicityUS,Ethnicity (US),https://data.cooperationdatabank.org/id/ethnicityus/white,White,https://data.cooperationdatabank.org/id/ethnicityus/asian,Asian,https://data.cooperationdatabank.org/vocab/prop/studyKnownEndgame,Known endgame,true,na,2
8048,https://data.cooperationdatabank.org/id/dependentvariable/cooperation,https://data.cooperationdatabank.org/vocab/prop/EthnicityVariable,https://data.cooperationdatabank.org/vocab/prop/ethnicityUS,Ethnicity (US),https://data.cooperationdatabank.org/id/ethnicityus/white,White,https://data.cooperationdatabank.org/id/ethnicityus/asian,Asian,https://data.cooperationdatabank.org/vocab/prop/studyMatchingProtocol,Matching,https://data.cooperationdatabank.org/id/studymatchingprotocol/1,Stranger,1
8049,https://data.cooperationdatabank.org/id/dependentvariable/cooperation,https://data.cooperationdatabank.org/vocab/prop/EthnicityVariable,https://data.cooperationdatabank.org/vocab/prop/ethnicityUS,Ethnicity (US),https://data.cooperationdatabank.org/id/ethnicityus/white,White,https://data.cooperationdatabank.org/id/ethnicityus/asian,Asian,https://data.cooperationdatabank.org/vocab/prop/studyMatchingProtocol,Matching,https://data.cooperationdatabank.org/id/studymatchingprotocol/2,Partner,1
8050,https://data.cooperationdatabank.org/id/dependentvariable/cooperation,https://data.cooperationdatabank.org/vocab/prop/EthnicityVariable,https://data.cooperationdatabank.org/vocab/prop/ethnicityUS,Ethnicity (US),https://data.cooperationdatabank.org/id/ethnicityus/white,White,https://data.cooperationdatabank.org/id/ethnicityus/asian,Asian,https://data.cooperationdatabank.org/vocab/prop/studyOneShot,One-shot vs repeated,https://data.cooperationdatabank.org/id/studyoneshot/0,Repeated,1
8051,https://data.cooperationdatabank.org/id/dependentvariable/cooperation,https://data.cooperationdatabank.org/vocab/prop/EthnicityVariable,https://data.cooperationdatabank.org/vocab/prop/ethnicityUS,Ethnicity (US),https://data.cooperationdatabank.org/id/ethnicityus/white,White,https://data.cooperationdatabank.org/id/ethnicityus/asian,Asian,https://data.cooperationdatabank.org/vocab/prop/studyOneShot,One-shot vs repeated,https://data.cooperationdatabank.org/id/studyoneshot/1,One-shot,1
8052,https://data.cooperationdatabank.org/id/dependentvariable/cooperation,https://data.cooperationdatabank.org/vocab/prop/EthnicityVariable,https://data.cooperationdatabank.org/vocab/prop/ethnicityUS,Ethnicity (US),https://data.cooperationdatabank.org/id/ethnicityus/white,White,https://data.cooperationdatabank.org/id/ethnicityus/asian,Asian,https://data.cooperationdatabank.org/vocab/prop/studyOneShotRepeated,Repeated one-shot game,true,na,1
8053,https://data.cooperationdatabank.org/id/dependentvariable/cooperation,https://data.cooperationdatabank.org/vocab/prop/EthnicityVariable,https://data.cooperationdatabank.org/vocab/prop/ethnicityUS,Ethnicity (US),https://data.cooperationdatabank.org/id/ethnicityus/white,White,https://data.cooperationdatabank.org/id/ethnicityus/asian,Asian,https://data.cooperationdatabank.org/vocab/prop/studyRealPartner,Real partner,https://data.cooperationdatabank.org/id/studyrealpartner/1,Real,2
8054,https://data.cooperationdatabank.org/id/dependentvariable/cooperation,https://data.cooperationdatabank.org/vocab/prop/EthnicityVariable,https://data.cooperationdatabank.org/vocab/prop/ethnicityUS,Ethnicity (US),https://data.cooperationdatabank.org/id/ethnicityus/white,White,https://data.cooperationdatabank.org/id/ethnicityus/asian,Asian,https://data.cooperationdatabank.org/vocab/prop/studyShowUpFee,Show-up fee,https://data.cooperationdatabank.org/id/studyshowupfee/2,Course credit,1
8055,https://data.cooperationdatabank.org/id/dependentvariable/cooperation,https://data.cooperationdatabank.org/vocab/prop/EthnicityVariable,https://data.cooperationdatabank.org/vocab/prop/ethnicityUS,Ethnicity (US),https://data.cooperationdatabank.org/id/ethnicityus/white,White,https://data.cooperationdatabank.org/id/ethnicityus/asian,Asian,https://data.cooperationdatabank.org/vocab/prop/studyStudentSample,Student sample,true,na,2
8056,https://data.cooperationdatabank.org/id/dependentvariable/cooperation,https://data.cooperationdatabank.org/vocab/prop/EthnicityVariable,https://data.cooperationdatabank.org/vocab/prop/ethnicityUS,Ethnicity (US),https://data.cooperationdatabank.org/id/ethnicityus/white,White,https://data.cooperationdatabank.org/id/ethnicityus/asian,Asian,https://data.cooperationdatabank.org/vocab/prop/studySymmetric,Symmetry,true,na,2
8057,https://data.cooperationdatabank.org/id/dependentvariable/cooperation,https://data.cooperationdatabank.org/vocab/prop/EthnicityVariable,https://data.cooperationdatabank.org/vocab/prop/ethnicityUS,Ethnicity (US),https://data.cooperationdatabank.org/id/ethnicityus/white,White,https://data.cooperationdatabank.org/id/ethnicityus/asian,Asian,https://data.cooperationdatabank.org/vocab/prop/studyTrialOfCooperation,Trial of cooperation,https://data.cooperationdatabank.org/id/studytrialofcooperation/1,All trials,2
8058,https://data.cooperationdatabank.org/id/dependentvariable/cooperation,https://data.cooperationdatabank.org/vocab/prop/EthnicityVariable,https://data.cooperationdatabank.org/vocab/prop/ethnicityUS,Ethnicity (US),https://data.cooperationdatabank.org/id/ethnicityus/white,White,https://data.cooperationdatabank.org/id/ethnicityus/asian,Asian,https://data.cooperationdatabank.org/vocab/prop/yearSource,Source of year of data collection,https://data.cooperationdatabank.org/id/yearsource/1,Conducted,1
8059,https://data.cooperationdatabank.org/id/dependentvariable/cooperation,https://data.cooperationdatabank.org/vocab/prop/EthnicityVariable,https://data.cooperationdatabank.org/vocab/prop/ethnicityUS,Ethnicity (US),https://data.cooperationdatabank.org/id/ethnicityus/white,White,https://data.cooperationdatabank.org/id/ethnicityus/asian,Asian,https://data.cooperationdatabank.org/vocab/prop/yearSource,Source of year of data collection,https://data.cooperationdatabank.org/id/yearsource/4,Received/Submitted,1
8060,https://data.cooperationdatabank.org/id/dependentvariable/cooperation,https://data.cooperationdatabank.org/vocab/prop/EthnicityVariable,https://data.cooperationdatabank.org/vocab/prop/ethnicityUS,Ethnicity (US),https://data.cooperationdatabank.org/id/ethnicityus/white,White,https://data.cooperationdatabank.org/id/ethnicityus/black_or_african_american,Black or African American,https://data.cooperationdatabank.org/vocab/prop/country,has country,https://data.cooperationdatabank.org/id/country/USA,USA,12
8061,https://data.cooperationdatabank.org/id/dependentvariable/cooperation,https://data.cooperationdatabank.org/vocab/prop/EthnicityVariable,https://data.cooperationdatabank.org/vocab/prop/ethnicityUS,Ethnicity (US),https://data.cooperationdatabank.org/id/ethnicityus/white,White,https://data.cooperationdatabank.org/id/ethnicityus/black_or_african_american,Black or African American,https://data.cooperationdatabank.org/vocab/prop/country,has country,https://data.cooperationdatabank.org/id/country/ZAF,ZAF,1
8062,https://data.cooperationdatabank.org/id/dependentvariable/cooperation,https://data.cooperationdatabank.org/vocab/prop/EthnicityVariable,https://data.cooperationdatabank.org/vocab/prop/ethnicityUS,Ethnicity (US),https://data.cooperationdatabank.org/id/ethnicityus/white,White,https://data.cooperationdatabank.org/id/ethnicityus/black_or_african_american,Black or African American,https://data.cooperationdatabank.org/vocab/prop/countrySource,Source of country or region,https://data.cooperationdatabank.org/id/countrysource/1,Specified country,11
8063,https://data.cooperationdatabank.org/id/dependentvariable/cooperation,https://data.cooperationdatabank.org/vocab/prop/EthnicityVariable,https://data.cooperationdatabank.org/vocab/prop/ethnicityUS,Ethnicity (US),https://data.cooperationdatabank.org/id/ethnicityus/white,White,https://data.cooperationdatabank.org/id/ethnicityus/black_or_african_american,Black or African American,https://data.cooperationdatabank.org/vocab/prop/countrySource,Source of country or region,https://data.cooperationdatabank.org/id/countrysource/3,All authors,2
8064,https://data.cooperationdatabank.org/id/dependentvariable/cooperation,https://data.cooperationdatabank.org/vocab/prop/EthnicityVariable,https://data.cooperationdatabank.org/vocab/prop/ethnicityUS,Ethnicity (US),https://data.cooperationdatabank.org/id/ethnicityus/white,White,https://data.cooperationdatabank.org/id/ethnicityus/black_or_african_american,Black or African American,https://data.cooperationdatabank.org/vocab/prop/deception,Deception,false,na,11
8065,https://data.cooperationdatabank.org/id/dependentvariable/cooperation,https://data.cooperationdatabank.org/vocab/prop/EthnicityVariable,https://data.cooperationdatabank.org/vocab/prop/ethnicityUS,Ethnicity (US),https://data.cooperationdatabank.org/id/ethnicityus/white,White,https://data.cooperationdatabank.org/id/ethnicityus/black_or_african_american,Black or African American,https://data.cooperationdatabank.org/vocab/prop/deception,Deception,true,na,2
8066,https://data.cooperationdatabank.org/id/dependentvariable/cooperation,https://data.cooperationdatabank.org/vocab/prop/EthnicityVariable,https://data.cooperationdatabank.org/vocab/prop/ethnicityUS,Ethnicity (US),https://data.cooperationdatabank.org/id/ethnicityus/white,White,https://data.cooperationdatabank.org/id/ethnicityus/black_or_african_american,Black or African American,https://data.cooperationdatabank.org/vocab/prop/discussion,Discussion,https://data.cooperationdatabank.org/id/discussion/0,Absent,11
8067,https://data.cooperationdatabank.org/id/dependentvariable/cooperation,https://data.cooperationdatabank.org/vocab/prop/EthnicityVariable,https://data.cooperationdatabank.org/vocab/prop/ethnicityUS,Ethnicity (US),https://data.cooperationdatabank.org/id/ethnicityus/white,White,https://data.cooperationdatabank.org/id/ethnicityus/black_or_african_american,Black or African American,https://data.cooperationdatabank.org/vocab/prop/discussion,Discussion,https://data.cooperationdatabank.org/id/discussion/1,Uni-directional,2
8068,https://data.cooperationdatabank.org/id/dependentvariable/cooperation,https://data.cooperationdatabank.org/vocab/prop/EthnicityVariable,https://data.cooperationdatabank.org/vocab/prop/ethnicityUS,Ethnicity (US),https://data.cooperationdatabank.org/id/ethnicityus/white,White,https://data.cooperationdatabank.org/id/ethnicityus/black_or_african_american,Black or African American,https://data.cooperationdatabank.org/vocab/prop/publicationStatus,Published,https://data.cooperationdatabank.org/id/publicationstatus/1,Published Article,5
8069,https://data.cooperationdatabank.org/id/dependentvariable/cooperation,https://data.cooperationdatabank.org/vocab/prop/EthnicityVariable,https://data.cooperationdatabank.org/vocab/prop/ethnicityUS,Ethnicity (US),https://data.cooperationdatabank.org/id/ethnicityus/white,White,https://data.cooperationdatabank.org/id/ethnicityus/black_or_african_american,Black or African American,https://data.cooperationdatabank.org/vocab/prop/publicationStatus,Published,https://data.cooperationdatabank.org/id/publicationstatus/3,Doctoral Dissertation,8
8070,https://data.cooperationdatabank.org/id/dependentvariable/cooperation,https://data.cooperationdatabank.org/vocab/prop/EthnicityVariable,https://data.cooperationdatabank.org/vocab/prop/ethnicityUS,Ethnicity (US),https://data.cooperationdatabank.org/id/ethnicityus/white,White,https://data.cooperationdatabank.org/id/ethnicityus/black_or_african_american,Black or African American,https://data.cooperationdatabank.org/vocab/prop/recruitmentMethod,Recruitment method,https://data.cooperationdatabank.org/id/recruitmentmethod/3,Other,11
8071,https://data.cooperationdatabank.org/id/dependentvariable/cooperation,https://data.cooperationdatabank.org/vocab/prop/EthnicityVariable,https://data.cooperationdatabank.org/vocab/prop/ethnicityUS,Ethnicity (US),https://data.cooperationdatabank.org/id/ethnicityus/white,White,https://data.cooperationdatabank.org/id/ethnicityus/black_or_african_american,Black or African American,https://data.cooperationdatabank.org/vocab/prop/sanction,Sanction,false,na,13
8072,https://data.cooperationdatabank.org/id/dependentvariable/cooperation,https://data.cooperationdatabank.org/vocab/prop/EthnicityVariable,https://data.cooperationdatabank.org/vocab/prop/ethnicityUS,Ethnicity (US),https://data.cooperationdatabank.org/id/ethnicityus/white,White,https://data.cooperationdatabank.org/id/ethnicityus/black_or_african_american,Black or African American,https://data.cooperationdatabank.org/vocab/prop/studyAcademicDiscipline,Academic discipline,https://data.cooperationdatabank.org/id/studyacademicdiscipline/4,Mixed,8
8073,https://data.cooperationdatabank.org/id/dependentvariable/cooperation,https://data.cooperationdatabank.org/vocab/prop/EthnicityVariable,https://data.cooperationdatabank.org/vocab/prop/ethnicityUS,Ethnicity (US),https://data.cooperationdatabank.org/id/ethnicityus/white,White,https://data.cooperationdatabank.org/id/ethnicityus/black_or_african_american,Black or African American,https://data.cooperationdatabank.org/vocab/prop/studyAcquaintance,Acquaintance,https://data.cooperationdatabank.org/id/studyacquaintance/0,Strangers,13
8074,https://data.cooperationdatabank.org/id/dependentvariable/cooperation,https://data.cooperationdatabank.org/vocab/prop/EthnicityVariable,https://data.cooperationdatabank.org/vocab/prop/ethnicityUS,Ethnicity (US),https://data.cooperationdatabank.org/id/ethnicityus/white,White,https://data.cooperationdatabank.org/id/ethnicityus/black_or_african_american,Black or African American,https://data.cooperationdatabank.org/vocab/prop/studyDilemmaType,Game type,https://data.cooperationdatabank.org/id/studydilemmatype/1,Prisoner's Dilemma Game,13
8075,https://data.cooperationdatabank.org/id/dependentvariable/cooperation,https://data.cooperationdatabank.org/vocab/prop/EthnicityVariable,https://data.cooperationdatabank.org/vocab/prop/ethnicityUS,Ethnicity (US),https://data.cooperationdatabank.org/id/ethnicityus/white,White,https://data.cooperationdatabank.org/id/ethnicityus/black_or_african_american,Black or African American,https://data.cooperationdatabank.org/vocab/prop/studyExperimentalSetting,Experimental setting,https://data.cooperationdatabank.org/id/studyexperimentalsetting/2,Lab,10
8076,https://data.cooperationdatabank.org/id/dependentvariable/cooperation,https://data.cooperationdatabank.org/vocab/prop/EthnicityVariable,https://data.cooperationdatabank.org/vocab/prop/ethnicityUS,Ethnicity (US),https://data.cooperationdatabank.org/id/ethnicityus/white,White,https://data.cooperationdatabank.org/id/ethnicityus/black_or_african_american,Black or African American,https://data.cooperationdatabank.org/vocab/prop/studyExperimentalSetting,Experimental setting,https://data.cooperationdatabank.org/id/studyexperimentalsetting/5,Lab in the field,1
8077,https://data.cooperationdatabank.org/id/dependentvariable/cooperation,https://data.cooperationdatabank.org/vocab/prop/EthnicityVariable,https://data.cooperationdatabank.org/vocab/prop/ethnicityUS,Ethnicity (US),https://data.cooperationdatabank.org/id/ethnicityus/white,White,https://data.cooperationdatabank.org/id/ethnicityus/black_or_african_american,Black or African American,https://data.cooperationdatabank.org/vocab/prop/studyExperimentalSetting,Experimental setting,https://data.cooperationdatabank.org/id/studyexperimentalsetting/6,Natural experiment,2
8078,https://data.cooperationdatabank.org/id/dependentvariable/cooperation,https://data.cooperationdatabank.org/vocab/prop/EthnicityVariable,https://data.cooperationdatabank.org/vocab/prop/ethnicityUS,Ethnicity (US),https://data.cooperationdatabank.org/id/ethnicityus/white,White,https://data.cooperationdatabank.org/id/ethnicityus/black_or_african_american,Black or African American,https://data.cooperationdatabank.org/vocab/prop/studyGameIncentive,Game incentive,https://data.cooperationdatabank.org/id/studygameincentive/1,Monetary,11
8079,https://data.cooperationdatabank.org/id/dependentvariable/cooperation,https://data.cooperationdatabank.org/vocab/prop/EthnicityVariable,https://data.cooperationdatabank.org/vocab/prop/ethnicityUS,Ethnicity (US),https://data.cooperationdatabank.org/id/ethnicityus/white,White,https://data.cooperationdatabank.org/id/ethnicityus/black_or_african_american,Black or African American,https://data.cooperationdatabank.org/vocab/prop/studyGameIncentive,Game incentive,https://data.cooperationdatabank.org/id/studygameincentive/3,Non-monetary,1
8080,https://data.cooperationdatabank.org/id/dependentvariable/cooperation,https://data.cooperationdatabank.org/vocab/prop/EthnicityVariable,https://data.cooperationdatabank.org/vocab/prop/ethnicityUS,Ethnicity (US),https://data.cooperationdatabank.org/id/ethnicityus/white,White,https://data.cooperationdatabank.org/id/ethnicityus/black_or_african_american,Black or African American,https://data.cooperationdatabank.org/vocab/prop/studyKnownEndgame,Known endgame,true,na,10
8081,https://data.cooperationdatabank.org/id/dependentvariable/cooperation,https://data.cooperationdatabank.org/vocab/prop/EthnicityVariable,https://data.cooperationdatabank.org/vocab/prop/ethnicityUS,Ethnicity (US),https://data.cooperationdatabank.org/id/ethnicityus/white,White,https://data.cooperationdatabank.org/id/ethnicityus/black_or_african_american,Black or African American,https://data.cooperationdatabank.org/vocab/prop/studyMatchingProtocol,Matching,https://data.cooperationdatabank.org/id/studymatchingprotocol/1,Stranger,10
8082,https://data.cooperationdatabank.org/id/dependentvariable/cooperation,https://data.cooperationdatabank.org/vocab/prop/EthnicityVariable,https://data.cooperationdatabank.org/vocab/prop/ethnicityUS,Ethnicity (US),https://data.cooperationdatabank.org/id/ethnicityus/white,White,https://data.cooperationdatabank.org/id/ethnicityus/black_or_african_american,Black or African American,https://data.cooperationdatabank.org/vocab/prop/studyMatchingProtocol,Matching,https://data.cooperationdatabank.org/id/studymatchingprotocol/2,Partner,3
8083,https://data.cooperationdatabank.org/id/dependentvariable/cooperation,https://data.cooperationdatabank.org/vocab/prop/EthnicityVariable,https://data.cooperationdatabank.org/vocab/prop/ethnicityUS,Ethnicity (US),https://data.cooperationdatabank.org/id/ethnicityus/white,White,https://data.cooperationdatabank.org/id/ethnicityus/black_or_african_american,Black or African American,https://data.cooperationdatabank.org/vocab/prop/studyOneShot,One-shot vs repeated,https://data.cooperationdatabank.org/id/studyoneshot/0,Repeated,3
8084,https://data.cooperationdatabank.org/id/dependentvariable/cooperation,https://data.cooperationdatabank.org/vocab/prop/EthnicityVariable,https://data.cooperationdatabank.org/vocab/prop/ethnicityUS,Ethnicity (US),https://data.cooperationdatabank.org/id/ethnicityus/white,White,https://data.cooperationdatabank.org/id/ethnicityus/black_or_african_american,Black or African American,https://data.cooperationdatabank.org/vocab/prop/studyOneShot,One-shot vs repeated,https://data.cooperationdatabank.org/id/studyoneshot/1,One-shot,10
8085,https://data.cooperationdatabank.org/id/dependentvariable/cooperation,https://data.cooperationdatabank.org/vocab/prop/EthnicityVariable,https://data.cooperationdatabank.org/vocab/prop/ethnicityUS,Ethnicity (US),https://data.cooperationdatabank.org/id/ethnicityus/white,White,https://data.cooperationdatabank.org/id/ethnicityus/black_or_african_american,Black or African American,https://data.cooperationdatabank.org/vocab/prop/studyOneShotRepeated,Repeated one-shot game,false,na,10
8086,https://data.cooperationdatabank.org/id/dependentvariable/cooperation,https://data.cooperationdatabank.org/vocab/prop/EthnicityVariable,https://data.cooperationdatabank.org/vocab/prop/ethnicityUS,Ethnicity (US),https://data.cooperationdatabank.org/id/ethnicityus/white,White,https://data.cooperationdatabank.org/id/ethnicityus/black_or_african_american,Black or African American,https://data.cooperationdatabank.org/vocab/prop/studyRealPartner,Real partner,https://data.cooperationdatabank.org/id/studyrealpartner/1,Real,11
8087,https://data.cooperationdatabank.org/id/dependentvariable/cooperation,https://data.cooperationdatabank.org/vocab/prop/EthnicityVariable,https://data.cooperationdatabank.org/vocab/prop/ethnicityUS,Ethnicity (US),https://data.cooperationdatabank.org/id/ethnicityus/white,White,https://data.cooperationdatabank.org/id/ethnicityus/black_or_african_american,Black or African American,https://data.cooperationdatabank.org/vocab/prop/studyRealPartner,Real partner,https://data.cooperationdatabank.org/id/studyrealpartner/2,Deception,2
8088,https://data.cooperationdatabank.org/id/dependentvariable/cooperation,https://data.cooperationdatabank.org/vocab/prop/EthnicityVariable,https://data.cooperationdatabank.org/vocab/prop/ethnicityUS,Ethnicity (US),https://data.cooperationdatabank.org/id/ethnicityus/white,White,https://data.cooperationdatabank.org/id/ethnicityus/black_or_african_american,Black or African American,https://data.cooperationdatabank.org/vocab/prop/studyStudentSample,Student sample,false,na,3
8089,https://data.cooperationdatabank.org/id/dependentvariable/cooperation,https://data.cooperationdatabank.org/vocab/prop/EthnicityVariable,https://data.cooperationdatabank.org/vocab/prop/ethnicityUS,Ethnicity (US),https://data.cooperationdatabank.org/id/ethnicityus/white,White,https://data.cooperationdatabank.org/id/ethnicityus/black_or_african_american,Black or African American,https://data.cooperationdatabank.org/vocab/prop/studyStudentSample,Student sample,true,na,10
8090,https://data.cooperationdatabank.org/id/dependentvariable/cooperation,https://data.cooperationdatabank.org/vocab/prop/EthnicityVariable,https://data.cooperationdatabank.org/vocab/prop/ethnicityUS,Ethnicity (US),https://data.cooperationdatabank.org/id/ethnicityus/white,White,https://data.cooperationdatabank.org/id/ethnicityus/black_or_african_american,Black or African American,https://data.cooperationdatabank.org/vocab/prop/studySymmetric,Symmetry,true,na,13
8091,https://data.cooperationdatabank.org/id/dependentvariable/cooperation,https://data.cooperationdatabank.org/vocab/prop/EthnicityVariable,https://data.cooperationdatabank.org/vocab/prop/ethnicityUS,Ethnicity (US),https://data.cooperationdatabank.org/id/ethnicityus/white,White,https://data.cooperationdatabank.org/id/ethnicityus/black_or_african_american,Black or African American,https://data.cooperationdatabank.org/vocab/prop/studyTrialOfCooperation,Trial of cooperation,https://data.cooperationdatabank.org/id/studytrialofcooperation/1,All trials,13
8092,https://data.cooperationdatabank.org/id/dependentvariable/cooperation,https://data.cooperationdatabank.org/vocab/prop/EthnicityVariable,https://data.cooperationdatabank.org/vocab/prop/ethnicityUS,Ethnicity (US),https://data.cooperationdatabank.org/id/ethnicityus/white,White,https://data.cooperationdatabank.org/id/ethnicityus/black_or_african_american,Black or African American,https://data.cooperationdatabank.org/vocab/prop/yearSource,Source of year of data collection,https://data.cooperationdatabank.org/id/yearsource/1,Conducted,2
8093,https://data.cooperationdatabank.org/id/dependentvariable/cooperation,https://data.cooperationdatabank.org/vocab/prop/EthnicityVariable,https://data.cooperationdatabank.org/vocab/prop/ethnicityUS,Ethnicity (US),https://data.cooperationdatabank.org/id/ethnicityus/white,White,https://data.cooperationdatabank.org/id/ethnicityus/black_or_african_american,Black or African American,https://data.cooperationdatabank.org/vocab/prop/yearSource,Source of year of data collection,https://data.cooperationdatabank.org/id/yearsource/3,Working paper published,8
8094,https://data.cooperationdatabank.org/id/dependentvariable/cooperation,https://data.cooperationdatabank.org/vocab/prop/EthnicityVariable,https://data.cooperationdatabank.org/vocab/prop/ethnicityUS,Ethnicity (US),https://data.cooperationdatabank.org/id/ethnicityus/white,White,https://data.cooperationdatabank.org/id/ethnicityus/black_or_african_american,Black or African American,https://data.cooperationdatabank.org/vocab/prop/yearSource,Source of year of data collection,https://data.cooperationdatabank.org/id/yearsource/4,Received/Submitted,2
8095,https://data.cooperationdatabank.org/id/dependentvariable/cooperation,https://data.cooperationdatabank.org/vocab/prop/EthnicityVariable,https://data.cooperationdatabank.org/vocab/prop/ethnicityUS,Ethnicity (US),https://data.cooperationdatabank.org/id/ethnicityus/white,White,https://data.cooperationdatabank.org/id/ethnicityus/black_or_african_american,Black or African American,https://data.cooperationdatabank.org/vocab/prop/yearSource,Source of year of data collection,https://data.cooperationdatabank.org/id/yearsource/5,Published,1
8096,https://data.cooperationdatabank.org/id/dependentvariable/cooperation,https://data.cooperationdatabank.org/vocab/prop/EthnicityVariable,https://data.cooperationdatabank.org/vocab/prop/ethnicityUS,Ethnicity (US),https://data.cooperationdatabank.org/id/ethnicityus/white,White,https://data.cooperationdatabank.org/id/ethnicityus/other,Other,https://data.cooperationdatabank.org/vocab/prop/country,has country,https://data.cooperationdatabank.org/id/country/USA,USA,2
8097,https://data.cooperationdatabank.org/id/dependentvariable/cooperation,https://data.cooperationdatabank.org/vocab/prop/EthnicityVariable,https://data.cooperationdatabank.org/vocab/prop/ethnicityUS,Ethnicity (US),https://data.cooperationdatabank.org/id/ethnicityus/white,White,https://data.cooperationdatabank.org/id/ethnicityus/other,Other,https://data.cooperationdatabank.org/vocab/prop/countrySource,Source of country or region,https://data.cooperationdatabank.org/id/countrysource/1,Specified country,2
8098,https://data.cooperationdatabank.org/id/dependentvariable/cooperation,https://data.cooperationdatabank.org/vocab/prop/EthnicityVariable,https://data.cooperationdatabank.org/vocab/prop/ethnicityUS,Ethnicity (US),https://data.cooperationdatabank.org/id/ethnicityus/white,White,https://data.cooperationdatabank.org/id/ethnicityus/other,Other,https://data.cooperationdatabank.org/vocab/prop/deception,Deception,false,na,2
8099,https://data.cooperationdatabank.org/id/dependentvariable/cooperation,https://data.cooperationdatabank.org/vocab/prop/EthnicityVariable,https://data.cooperationdatabank.org/vocab/prop/ethnicityUS,Ethnicity (US),https://data.cooperationdatabank.org/id/ethnicityus/white,White,https://data.cooperationdatabank.org/id/ethnicityus/other,Other,https://data.cooperationdatabank.org/vocab/prop/discussion,Discussion,https://data.cooperationdatabank.org/id/discussion/0,Absent,2
8100,https://data.cooperationdatabank.org/id/dependentvariable/cooperation,https://data.cooperationdatabank.org/vocab/prop/EthnicityVariable,https://data.cooperationdatabank.org/vocab/prop/ethnicityUS,Ethnicity (US),https://data.cooperationdatabank.org/id/ethnicityus/white,White,https://data.cooperationdatabank.org/id/ethnicityus/other,Other,https://data.cooperationdatabank.org/vocab/prop/publicationStatus,Published,https://data.cooperationdatabank.org/id/publicationstatus/1,Published Article,2
8101,https://data.cooperationdatabank.org/id/dependentvariable/cooperation,https://data.cooperationdatabank.org/vocab/prop/EthnicityVariable,https://data.cooperationdatabank.org/vocab/prop/ethnicityUS,Ethnicity (US),https://data.cooperationdatabank.org/id/ethnicityus/white,White,https://data.cooperationdatabank.org/id/ethnicityus/other,Other,https://data.cooperationdatabank.org/vocab/prop/recruitmentMethod,Recruitment method,https://data.cooperationdatabank.org/id/recruitmentmethod/3,Other,2
8102,https://data.cooperationdatabank.org/id/dependentvariable/cooperation,https://data.cooperationdatabank.org/vocab/prop/EthnicityVariable,https://data.cooperationdatabank.org/vocab/prop/ethnicityUS,Ethnicity (US),https://data.cooperationdatabank.org/id/ethnicityus/white,White,https://data.cooperationdatabank.org/id/ethnicityus/other,Other,https://data.cooperationdatabank.org/vocab/prop/sanction,Sanction,false,na,2
8103,https://data.cooperationdatabank.org/id/dependentvariable/cooperation,https://data.cooperationdatabank.org/vocab/prop/EthnicityVariable,https://data.cooperationdatabank.org/vocab/prop/ethnicityUS,Ethnicity (US),https://data.cooperationdatabank.org/id/ethnicityus/white,White,https://data.cooperationdatabank.org/id/ethnicityus/other,Other,https://data.cooperationdatabank.org/vocab/prop/studyAcquaintance,Acquaintance,https://data.cooperationdatabank.org/id/studyacquaintance/0,Strangers,2
8104,https://data.cooperationdatabank.org/id/dependentvariable/cooperation,https://data.cooperationdatabank.org/vocab/prop/EthnicityVariable,https://data.cooperationdatabank.org/vocab/prop/ethnicityUS,Ethnicity (US),https://data.cooperationdatabank.org/id/ethnicityus/white,White,https://data.cooperationdatabank.org/id/ethnicityus/other,Other,https://data.cooperationdatabank.org/vocab/prop/studyDilemmaType,Game type,https://data.cooperationdatabank.org/id/studydilemmatype/1,Prisoner's Dilemma Game,2
8105,https://data.cooperationdatabank.org/id/dependentvariable/cooperation,https://data.cooperationdatabank.org/vocab/prop/EthnicityVariable,https://data.cooperationdatabank.org/vocab/prop/ethnicityUS,Ethnicity (US),https://data.cooperationdatabank.org/id/ethnicityus/white,White,https://data.cooperationdatabank.org/id/ethnicityus/other,Other,https://data.cooperationdatabank.org/vocab/prop/studyExperimentalSetting,Experimental setting,https://data.cooperationdatabank.org/id/studyexperimentalsetting/5,Lab in the field,2
8106,https://data.cooperationdatabank.org/id/dependentvariable/cooperation,https://data.cooperationdatabank.org/vocab/prop/EthnicityVariable,https://data.cooperationdatabank.org/vocab/prop/ethnicityUS,Ethnicity (US),https://data.cooperationdatabank.org/id/ethnicityus/white,White,https://data.cooperationdatabank.org/id/ethnicityus/other,Other,https://data.cooperationdatabank.org/vocab/prop/studyGameIncentive,Game incentive,https://data.cooperationdatabank.org/id/studygameincentive/1,Monetary,2
8107,https://data.cooperationdatabank.org/id/dependentvariable/cooperation,https://data.cooperationdatabank.org/vocab/prop/EthnicityVariable,https://data.cooperationdatabank.org/vocab/prop/ethnicityUS,Ethnicity (US),https://data.cooperationdatabank.org/id/ethnicityus/white,White,https://data.cooperationdatabank.org/id/ethnicityus/other,Other,https://data.cooperationdatabank.org/vocab/prop/studyKnownEndgame,Known endgame,true,na,2
8108,https://data.cooperationdatabank.org/id/dependentvariable/cooperation,https://data.cooperationdatabank.org/vocab/prop/EthnicityVariable,https://data.cooperationdatabank.org/vocab/prop/ethnicityUS,Ethnicity (US),https://data.cooperationdatabank.org/id/ethnicityus/white,White,https://data.cooperationdatabank.org/id/ethnicityus/other,Other,https://data.cooperationdatabank.org/vocab/prop/studyMatchingProtocol,Matching,https://data.cooperationdatabank.org/id/studymatchingprotocol/1,Stranger,2
8109,https://data.cooperationdatabank.org/id/dependentvariable/cooperation,https://data.cooperationdatabank.org/vocab/prop/EthnicityVariable,https://data.cooperationdatabank.org/vocab/prop/ethnicityUS,Ethnicity (US),https://data.cooperationdatabank.org/id/ethnicityus/white,White,https://data.cooperationdatabank.org/id/ethnicityus/other,Other,https://data.cooperationdatabank.org/vocab/prop/studyOneShot,One-shot vs repeated,https://data.cooperationdatabank.org/id/studyoneshot/1,One-shot,2
8110,https://data.cooperationdatabank.org/id/dependentvariable/cooperation,https://data.cooperationdatabank.org/vocab/prop/EthnicityVariable,https://data.cooperationdatabank.org/vocab/prop/ethnicityUS,Ethnicity (US),https://data.cooperationdatabank.org/id/ethnicityus/white,White,https://data.cooperationdatabank.org/id/ethnicityus/other,Other,https://data.cooperationdatabank.org/vocab/prop/studyOneShotRepeated,Repeated one-shot game,false,na,2
8111,https://data.cooperationdatabank.org/id/dependentvariable/cooperation,https://data.cooperationdatabank.org/vocab/prop/EthnicityVariable,https://data.cooperationdatabank.org/vocab/prop/ethnicityUS,Ethnicity (US),https://data.cooperationdatabank.org/id/ethnicityus/white,White,https://data.cooperationdatabank.org/id/ethnicityus/other,Other,https://data.cooperationdatabank.org/vocab/prop/studyRealPartner,Real partner,https://data.cooperationdatabank.org/id/studyrealpartner/1,Real,2
8112,https://data.cooperationdatabank.org/id/dependentvariable/cooperation,https://data.cooperationdatabank.org/vocab/prop/EthnicityVariable,https://data.cooperationdatabank.org/vocab/prop/ethnicityUS,Ethnicity (US),https://data.cooperationdatabank.org/id/ethnicityus/white,White,https://data.cooperationdatabank.org/id/ethnicityus/other,Other,https://data.cooperationdatabank.org/vocab/prop/studyShowUpFee,Show-up fee,https://data.cooperationdatabank.org/id/studyshowupfee/0,Absent,2
8113,https://data.cooperationdatabank.org/id/dependentvariable/cooperation,https://data.cooperationdatabank.org/vocab/prop/EthnicityVariable,https://data.cooperationdatabank.org/vocab/prop/ethnicityUS,Ethnicity (US),https://data.cooperationdatabank.org/id/ethnicityus/white,White,https://data.cooperationdatabank.org/id/ethnicityus/other,Other,https://data.cooperationdatabank.org/vocab/prop/studyStudentSample,Student sample,false,na,2
8114,https://data.cooperationdatabank.org/id/dependentvariable/cooperation,https://data.cooperationdatabank.org/vocab/prop/EthnicityVariable,https://data.cooperationdatabank.org/vocab/prop/ethnicityUS,Ethnicity (US),https://data.cooperationdatabank.org/id/ethnicityus/white,White,https://data.cooperationdatabank.org/id/ethnicityus/other,Other,https://data.cooperationdatabank.org/vocab/prop/studySymmetric,Symmetry,true,na,2
8115,https://data.cooperationdatabank.org/id/dependentvariable/cooperation,https://data.cooperationdatabank.org/vocab/prop/EthnicityVariable,https://data.cooperationdatabank.org/vocab/prop/ethnicityUS,Ethnicity (US),https://data.cooperationdatabank.org/id/ethnicityus/white,White,https://data.cooperationdatabank.org/id/ethnicityus/other,Other,https://data.cooperationdatabank.org/vocab/prop/studyTrialOfCooperation,Trial of cooperation,https://data.cooperationdatabank.org/id/studytrialofcooperation/1,All trials,2
8116,https://data.cooperationdatabank.org/id/dependentvariable/cooperation,https://data.cooperationdatabank.org/vocab/prop/EthnicityVariable,https://data.cooperationdatabank.org/vocab/prop/ethnicityUS,Ethnicity (US),https://data.cooperationdatabank.org/id/ethnicityus/white,White,https://data.cooperationdatabank.org/id/ethnicityus/other,Other,https://data.cooperationdatabank.org/vocab/prop/yearSource,Source of year of data collection,https://data.cooperationdatabank.org/id/yearsource/1,Conducted,2
8117,https://data.cooperationdatabank.org/id/dependentvariable/cooperation,https://data.cooperationdatabank.org/vocab/prop/EthnicityVariable,https://data.cooperationdatabank.org/vocab/prop/heterogeneousEthnicity,Heterogeneous ethnicity,True,na,False,na,https://data.cooperationdatabank.org/vocab/prop/country,has country,https://data.cooperationdatabank.org/id/country/USA,USA,1
8118,https://data.cooperationdatabank.org/id/dependentvariable/cooperation,https://data.cooperationdatabank.org/vocab/prop/EthnicityVariable,https://data.cooperationdatabank.org/vocab/prop/heterogeneousEthnicity,Heterogeneous ethnicity,True,na,False,na,https://data.cooperationdatabank.org/vocab/prop/countrySource,Source of country or region,https://data.cooperationdatabank.org/id/countrysource/1,Specified country,1
8119,https://data.cooperationdatabank.org/id/dependentvariable/cooperation,https://data.cooperationdatabank.org/vocab/prop/EthnicityVariable,https://data.cooperationdatabank.org/vocab/prop/heterogeneousEthnicity,Heterogeneous ethnicity,True,na,False,na,https://data.cooperationdatabank.org/vocab/prop/deception,Deception,true,na,1
8120,https://data.cooperationdatabank.org/id/dependentvariable/cooperation,https://data.cooperationdatabank.org/vocab/prop/EthnicityVariable,https://data.cooperationdatabank.org/vocab/prop/heterogeneousEthnicity,Heterogeneous ethnicity,True,na,False,na,https://data.cooperationdatabank.org/vocab/prop/discussion,Discussion,https://data.cooperationdatabank.org/id/discussion/1,Uni-directional,1
8121,https://data.cooperationdatabank.org/id/dependentvariable/cooperation,https://data.cooperationdatabank.org/vocab/prop/EthnicityVariable,https://data.cooperationdatabank.org/vocab/prop/heterogeneousEthnicity,Heterogeneous ethnicity,True,na,False,na,https://data.cooperationdatabank.org/vocab/prop/publicationStatus,Published,https://data.cooperationdatabank.org/id/publicationstatus/1,Published Article,1
8122,https://data.cooperationdatabank.org/id/dependentvariable/cooperation,https://data.cooperationdatabank.org/vocab/prop/EthnicityVariable,https://data.cooperationdatabank.org/vocab/prop/heterogeneousEthnicity,Heterogeneous ethnicity,True,na,False,na,https://data.cooperationdatabank.org/vocab/prop/recruitmentMethod,Recruitment method,https://data.cooperationdatabank.org/id/recruitmentmethod/3,Other,1
8123,https://data.cooperationdatabank.org/id/dependentvariable/cooperation,https://data.cooperationdatabank.org/vocab/prop/EthnicityVariable,https://data.cooperationdatabank.org/vocab/prop/heterogeneousEthnicity,Heterogeneous ethnicity,True,na,False,na,https://data.cooperationdatabank.org/vocab/prop/sanction,Sanction,false,na,1
8124,https://data.cooperationdatabank.org/id/dependentvariable/cooperation,https://data.cooperationdatabank.org/vocab/prop/EthnicityVariable,https://data.cooperationdatabank.org/vocab/prop/heterogeneousEthnicity,Heterogeneous ethnicity,True,na,False,na,https://data.cooperationdatabank.org/vocab/prop/studyAcademicDiscipline,Academic discipline,https://data.cooperationdatabank.org/id/studyacademicdiscipline/4,Mixed,1
8125,https://data.cooperationdatabank.org/id/dependentvariable/cooperation,https://data.cooperationdatabank.org/vocab/prop/EthnicityVariable,https://data.cooperationdatabank.org/vocab/prop/heterogeneousEthnicity,Heterogeneous ethnicity,True,na,False,na,https://data.cooperationdatabank.org/vocab/prop/studyAcquaintance,Acquaintance,https://data.cooperationdatabank.org/id/studyacquaintance/0,Strangers,1
8126,https://data.cooperationdatabank.org/id/dependentvariable/cooperation,https://data.cooperationdatabank.org/vocab/prop/EthnicityVariable,https://data.cooperationdatabank.org/vocab/prop/heterogeneousEthnicity,Heterogeneous ethnicity,True,na,False,na,https://data.cooperationdatabank.org/vocab/prop/studyDilemmaType,Game type,https://data.cooperationdatabank.org/id/studydilemmatype/1,Prisoner's Dilemma Game,1
8127,https://data.cooperationdatabank.org/id/dependentvariable/cooperation,https://data.cooperationdatabank.org/vocab/prop/EthnicityVariable,https://data.cooperationdatabank.org/vocab/prop/heterogeneousEthnicity,Heterogeneous ethnicity,True,na,False,na,https://data.cooperationdatabank.org/vocab/prop/studyExperimentalSetting,Experimental setting,https://data.cooperationdatabank.org/id/studyexperimentalsetting/2,Lab,1
8128,https://data.cooperationdatabank.org/id/dependentvariable/cooperation,https://data.cooperationdatabank.org/vocab/prop/EthnicityVariable,https://data.cooperationdatabank.org/vocab/prop/heterogeneousEthnicity,Heterogeneous ethnicity,True,na,False,na,https://data.cooperationdatabank.org/vocab/prop/studyMatchingProtocol,Matching,https://data.cooperationdatabank.org/id/studymatchingprotocol/2,Partner,1
8129,https://data.cooperationdatabank.org/id/dependentvariable/cooperation,https://data.cooperationdatabank.org/vocab/prop/EthnicityVariable,https://data.cooperationdatabank.org/vocab/prop/heterogeneousEthnicity,Heterogeneous ethnicity,True,na,False,na,https://data.cooperationdatabank.org/vocab/prop/studyOneShot,One-shot vs repeated,https://data.cooperationdatabank.org/id/studyoneshot/0,Repeated,1
8130,https://data.cooperationdatabank.org/id/dependentvariable/cooperation,https://data.cooperationdatabank.org/vocab/prop/EthnicityVariable,https://data.cooperationdatabank.org/vocab/prop/heterogeneousEthnicity,Heterogeneous ethnicity,True,na,False,na,https://data.cooperationdatabank.org/vocab/prop/studyRealPartner,Real partner,https://data.cooperationdatabank.org/id/studyrealpartner/1,Real,1
8131,https://data.cooperationdatabank.org/id/dependentvariable/cooperation,https://data.cooperationdatabank.org/vocab/prop/EthnicityVariable,https://data.cooperationdatabank.org/vocab/prop/heterogeneousEthnicity,Heterogeneous ethnicity,True,na,False,na,https://data.cooperationdatabank.org/vocab/prop/studyShowUpFee,Show-up fee,https://data.cooperationdatabank.org/id/studyshowupfee/1,Paid,1
8132,https://data.cooperationdatabank.org/id/dependentvariable/cooperation,https://data.cooperationdatabank.org/vocab/prop/EthnicityVariable,https://data.cooperationdatabank.org/vocab/prop/heterogeneousEthnicity,Heterogeneous ethnicity,True,na,False,na,https://data.cooperationdatabank.org/vocab/prop/studyStudentSample,Student sample,true,na,1
8133,https://data.cooperationdatabank.org/id/dependentvariable/cooperation,https://data.cooperationdatabank.org/vocab/prop/EthnicityVariable,https://data.cooperationdatabank.org/vocab/prop/heterogeneousEthnicity,Heterogeneous ethnicity,True,na,False,na,https://data.cooperationdatabank.org/vocab/prop/studySymmetric,Symmetry,true,na,1
8134,https://data.cooperationdatabank.org/id/dependentvariable/cooperation,https://data.cooperationdatabank.org/vocab/prop/EthnicityVariable,https://data.cooperationdatabank.org/vocab/prop/heterogeneousEthnicity,Heterogeneous ethnicity,True,na,False,na,https://data.cooperationdatabank.org/vocab/prop/studyTrialOfCooperation,Trial of cooperation,https://data.cooperationdatabank.org/id/studytrialofcooperation/1,All trials,1
8135,https://data.cooperationdatabank.org/id/dependentvariable/cooperation,https://data.cooperationdatabank.org/vocab/prop/EthnicityVariable,https://data.cooperationdatabank.org/vocab/prop/heterogeneousEthnicity,Heterogeneous ethnicity,True,na,False,na,https://data.cooperationdatabank.org/vocab/prop/yearSource,Source of year of data collection,https://data.cooperationdatabank.org/id/yearsource/5,Published,1
8136,https://data.cooperationdatabank.org/id/dependentvariable/cooperation,https://data.cooperationdatabank.org/vocab/prop/EthnicityVariable,https://data.cooperationdatabank.org/vocab/prop/heterogeneousEthnicity,Heterogeneous ethnicity,false,na,true,na,https://data.cooperationdatabank.org/vocab/prop/country,has country,https://data.cooperationdatabank.org/id/country/CHN,CHN,1
8137,https://data.cooperationdatabank.org/id/dependentvariable/cooperation,https://data.cooperationdatabank.org/vocab/prop/EthnicityVariable,https://data.cooperationdatabank.org/vocab/prop/heterogeneousEthnicity,Heterogeneous ethnicity,false,na,true,na,https://data.cooperationdatabank.org/vocab/prop/country,has country,https://data.cooperationdatabank.org/id/country/USA,USA,1
8138,https://data.cooperationdatabank.org/id/dependentvariable/cooperation,https://data.cooperationdatabank.org/vocab/prop/EthnicityVariable,https://data.cooperationdatabank.org/vocab/prop/heterogeneousEthnicity,Heterogeneous ethnicity,false,na,true,na,https://data.cooperationdatabank.org/vocab/prop/countrySource,Source of country or region,https://data.cooperationdatabank.org/id/countrysource/1,Specified country,1
8139,https://data.cooperationdatabank.org/id/dependentvariable/cooperation,https://data.cooperationdatabank.org/vocab/prop/EthnicityVariable,https://data.cooperationdatabank.org/vocab/prop/heterogeneousEthnicity,Heterogeneous ethnicity,false,na,true,na,https://data.cooperationdatabank.org/vocab/prop/deception,Deception,false,na,1
8140,https://data.cooperationdatabank.org/id/dependentvariable/cooperation,https://data.cooperationdatabank.org/vocab/prop/EthnicityVariable,https://data.cooperationdatabank.org/vocab/prop/heterogeneousEthnicity,Heterogeneous ethnicity,false,na,true,na,https://data.cooperationdatabank.org/vocab/prop/discussion,Discussion,https://data.cooperationdatabank.org/id/discussion/0,Absent,1
8141,https://data.cooperationdatabank.org/id/dependentvariable/cooperation,https://data.cooperationdatabank.org/vocab/prop/EthnicityVariable,https://data.cooperationdatabank.org/vocab/prop/heterogeneousEthnicity,Heterogeneous ethnicity,false,na,true,na,https://data.cooperationdatabank.org/vocab/prop/publicationStatus,Published,https://data.cooperationdatabank.org/id/publicationstatus/1,Published Article,1
8142,https://data.cooperationdatabank.org/id/dependentvariable/cooperation,https://data.cooperationdatabank.org/vocab/prop/EthnicityVariable,https://data.cooperationdatabank.org/vocab/prop/heterogeneousEthnicity,Heterogeneous ethnicity,false,na,true,na,https://data.cooperationdatabank.org/vocab/prop/sanction,Sanction,false,na,1
8143,https://data.cooperationdatabank.org/id/dependentvariable/cooperation,https://data.cooperationdatabank.org/vocab/prop/EthnicityVariable,https://data.cooperationdatabank.org/vocab/prop/heterogeneousEthnicity,Heterogeneous ethnicity,false,na,true,na,https://data.cooperationdatabank.org/vocab/prop/studyAcquaintance,Acquaintance,https://data.cooperationdatabank.org/id/studyacquaintance/2,Possible Acquaintance,1
8144,https://data.cooperationdatabank.org/id/dependentvariable/cooperation,https://data.cooperationdatabank.org/vocab/prop/EthnicityVariable,https://data.cooperationdatabank.org/vocab/prop/heterogeneousEthnicity,Heterogeneous ethnicity,false,na,true,na,https://data.cooperationdatabank.org/vocab/prop/studyDilemmaType,Game type,https://data.cooperationdatabank.org/id/studydilemmatype/1,Prisoner's Dilemma Game,1
8145,https://data.cooperationdatabank.org/id/dependentvariable/cooperation,https://data.cooperationdatabank.org/vocab/prop/EthnicityVariable,https://data.cooperationdatabank.org/vocab/prop/heterogeneousEthnicity,Heterogeneous ethnicity,false,na,true,na,https://data.cooperationdatabank.org/vocab/prop/studyExperimentalSetting,Experimental setting,https://data.cooperationdatabank.org/id/studyexperimentalsetting/3,Class,1
8146,https://data.cooperationdatabank.org/id/dependentvariable/cooperation,https://data.cooperationdatabank.org/vocab/prop/EthnicityVariable,https://data.cooperationdatabank.org/vocab/prop/heterogeneousEthnicity,Heterogeneous ethnicity,false,na,true,na,https://data.cooperationdatabank.org/vocab/prop/studyGameIncentive,Game incentive,https://data.cooperationdatabank.org/id/studygameincentive/1,Monetary,1
8147,https://data.cooperationdatabank.org/id/dependentvariable/cooperation,https://data.cooperationdatabank.org/vocab/prop/EthnicityVariable,https://data.cooperationdatabank.org/vocab/prop/heterogeneousEthnicity,Heterogeneous ethnicity,false,na,true,na,https://data.cooperationdatabank.org/vocab/prop/studyKnownEndgame,Known endgame,true,na,1
8148,https://data.cooperationdatabank.org/id/dependentvariable/cooperation,https://data.cooperationdatabank.org/vocab/prop/EthnicityVariable,https://data.cooperationdatabank.org/vocab/prop/heterogeneousEthnicity,Heterogeneous ethnicity,false,na,true,na,https://data.cooperationdatabank.org/vocab/prop/studyMatchingProtocol,Matching,https://data.cooperationdatabank.org/id/studymatchingprotocol/1,Stranger,1
8149,https://data.cooperationdatabank.org/id/dependentvariable/cooperation,https://data.cooperationdatabank.org/vocab/prop/EthnicityVariable,https://data.cooperationdatabank.org/vocab/prop/heterogeneousEthnicity,Heterogeneous ethnicity,false,na,true,na,https://data.cooperationdatabank.org/vocab/prop/studyOneShot,One-shot vs repeated,https://data.cooperationdatabank.org/id/studyoneshot/1,One-shot,1
8150,https://data.cooperationdatabank.org/id/dependentvariable/cooperation,https://data.cooperationdatabank.org/vocab/prop/EthnicityVariable,https://data.cooperationdatabank.org/vocab/prop/heterogeneousEthnicity,Heterogeneous ethnicity,false,na,true,na,https://data.cooperationdatabank.org/vocab/prop/studyOneShotRepeated,Repeated one-shot game,true,na,1
8151,https://data.cooperationdatabank.org/id/dependentvariable/cooperation,https://data.cooperationdatabank.org/vocab/prop/EthnicityVariable,https://data.cooperationdatabank.org/vocab/prop/heterogeneousEthnicity,Heterogeneous ethnicity,false,na,true,na,https://data.cooperationdatabank.org/vocab/prop/studyRealPartner,Real partner,https://data.cooperationdatabank.org/id/studyrealpartner/1,Real,1
8152,https://data.cooperationdatabank.org/id/dependentvariable/cooperation,https://data.cooperationdatabank.org/vocab/prop/EthnicityVariable,https://data.cooperationdatabank.org/vocab/prop/heterogeneousEthnicity,Heterogeneous ethnicity,false,na,true,na,https://data.cooperationdatabank.org/vocab/prop/studyStudentSample,Student sample,true,na,1
8153,https://data.cooperationdatabank.org/id/dependentvariable/cooperation,https://data.cooperationdatabank.org/vocab/prop/EthnicityVariable,https://data.cooperationdatabank.org/vocab/prop/heterogeneousEthnicity,Heterogeneous ethnicity,false,na,true,na,https://data.cooperationdatabank.org/vocab/prop/studySymmetric,Symmetry,true,na,1
8154,https://data.cooperationdatabank.org/id/dependentvariable/cooperation,https://data.cooperationdatabank.org/vocab/prop/EthnicityVariable,https://data.cooperationdatabank.org/vocab/prop/heterogeneousEthnicity,Heterogeneous ethnicity,false,na,true,na,https://data.cooperationdatabank.org/vocab/prop/studyTrialOfCooperation,Trial of cooperation,https://data.cooperationdatabank.org/id/studytrialofcooperation/1,All trials,1
8155,https://data.cooperationdatabank.org/id/dependentvariable/cooperation,https://data.cooperationdatabank.org/vocab/prop/EthnicityVariable,https://data.cooperationdatabank.org/vocab/prop/heterogeneousEthnicity,Heterogeneous ethnicity,false,na,true,na,https://data.cooperationdatabank.org/vocab/prop/yearSource,Source of year of data collection,https://data.cooperationdatabank.org/id/yearsource/1,Conducted,1
