,dependent,mod,mod_val,iv,cat_t1,cat_t2,giv_prop,iv_label,cat_t1_label,cat_t2_label,mod_label,mod_val_label,comparative,hypothesis
37267,https://data.cooperationdatabank.org/id/dependentvariable/cooperation,https://data.cooperationdatabank.org/vocab/prop/country,https://data.cooperationdatabank.org/id/country/USA,https://data.cooperationdatabank.org/vocab/prop/gameIncentive,https://data.cooperationdatabank.org/id/gameincentive/monetary,https://data.cooperationdatabank.org/id/gameincentive/non-monetary_material,https://data.cooperationdatabank.org/vocab/prop/IncentivesVariable,Game incentive,Monetary,Non-monetary Material,has country,USA,lower,"When comparing studies where game incentive is monetary and studies where game incentive is non-monetary material, cooperation is significantly lower when has country is usa compared to when has country has another value."
37268,https://data.cooperationdatabank.org/id/dependentvariable/cooperation,https://data.cooperationdatabank.org/vocab/prop/countrySource,https://data.cooperationdatabank.org/id/countrysource/1,https://data.cooperationdatabank.org/vocab/prop/gameIncentive,https://data.cooperationdatabank.org/id/gameincentive/monetary,https://data.cooperationdatabank.org/id/gameincentive/non-monetary_material,https://data.cooperationdatabank.org/vocab/prop/IncentivesVariable,Game incentive,Monetary,Non-monetary Material,Source of country or region,Specified country,lower,"When comparing studies where game incentive is monetary and studies where game incentive is non-monetary material, cooperation is significantly lower when source of country or region is specified country compared to when source of country or region has another value."
37269,https://data.cooperationdatabank.org/id/dependentvariable/cooperation,https://data.cooperationdatabank.org/vocab/prop/deception,false,https://data.cooperationdatabank.org/vocab/prop/gameIncentive,https://data.cooperationdatabank.org/id/gameincentive/monetary,https://data.cooperationdatabank.org/id/gameincentive/non-monetary_material,https://data.cooperationdatabank.org/vocab/prop/IncentivesVariable,Game incentive,Monetary,Non-monetary Material,Deception,na,lower,"When comparing studies where game incentive is monetary and studies where game incentive is non-monetary material, cooperation is significantly lower when deception is false compared to when deception has another value."
37270,https://data.cooperationdatabank.org/id/dependentvariable/cooperation,https://data.cooperationdatabank.org/vocab/prop/discussion,https://data.cooperationdatabank.org/id/discussion/0,https://data.cooperationdatabank.org/vocab/prop/gameIncentive,https://data.cooperationdatabank.org/id/gameincentive/monetary,https://data.cooperationdatabank.org/id/gameincentive/non-monetary_material,https://data.cooperationdatabank.org/vocab/prop/IncentivesVariable,Game incentive,Monetary,Non-monetary Material,Discussion,Absent,lower,"When comparing studies where game incentive is monetary and studies where game incentive is non-monetary material, cooperation is significantly lower when discussion is absent compared to when discussion has another value."
37275,https://data.cooperationdatabank.org/id/dependentvariable/cooperation,https://data.cooperationdatabank.org/vocab/prop/publicationStatus,https://data.cooperationdatabank.org/id/publicationstatus/3,https://data.cooperationdatabank.org/vocab/prop/gameIncentive,https://data.cooperationdatabank.org/id/gameincentive/monetary,https://data.cooperationdatabank.org/id/gameincentive/non-monetary_material,https://data.cooperationdatabank.org/vocab/prop/IncentivesVariable,Game incentive,Monetary,Non-monetary Material,Published,Doctoral Dissertation,lower,"When comparing studies where game incentive is monetary and studies where game incentive is non-monetary material, cooperation is significantly lower when published is doctoral dissertation compared to when published has another value."
37276,https://data.cooperationdatabank.org/id/dependentvariable/cooperation,https://data.cooperationdatabank.org/vocab/prop/sanction,false,https://data.cooperationdatabank.org/vocab/prop/gameIncentive,https://data.cooperationdatabank.org/id/gameincentive/monetary,https://data.cooperationdatabank.org/id/gameincentive/non-monetary_material,https://data.cooperationdatabank.org/vocab/prop/IncentivesVariable,Game incentive,Monetary,Non-monetary Material,Sanction,na,lower,"When comparing studies where game incentive is monetary and studies where game incentive is non-monetary material, cooperation is significantly lower when sanction is false compared to when sanction has another value."
37277,https://data.cooperationdatabank.org/id/dependentvariable/cooperation,https://data.cooperationdatabank.org/vocab/prop/studyAcademicDiscipline,https://data.cooperationdatabank.org/id/studyacademicdiscipline/2,https://data.cooperationdatabank.org/vocab/prop/gameIncentive,https://data.cooperationdatabank.org/id/gameincentive/monetary,https://data.cooperationdatabank.org/id/gameincentive/non-monetary_material,https://data.cooperationdatabank.org/vocab/prop/IncentivesVariable,Game incentive,Monetary,Non-monetary Material,Academic discipline,Psychology,lower,"When comparing studies where game incentive is monetary and studies where game incentive is non-monetary material, cooperation is significantly lower when academic discipline is psychology compared to when academic discipline has another value."
37278,https://data.cooperationdatabank.org/id/dependentvariable/cooperation,https://data.cooperationdatabank.org/vocab/prop/studyAcquaintance,https://data.cooperationdatabank.org/id/studyacquaintance/0,https://data.cooperationdatabank.org/vocab/prop/gameIncentive,https://data.cooperationdatabank.org/id/gameincentive/monetary,https://data.cooperationdatabank.org/id/gameincentive/non-monetary_material,https://data.cooperationdatabank.org/vocab/prop/IncentivesVariable,Game incentive,Monetary,Non-monetary Material,Acquaintance,Strangers,lower,"When comparing studies where game incentive is monetary and studies where game incentive is non-monetary material, cooperation is significantly lower when acquaintance is strangers compared to when acquaintance has another value."
37279,https://data.cooperationdatabank.org/id/dependentvariable/cooperation,https://data.cooperationdatabank.org/vocab/prop/studyDilemmaType,https://data.cooperationdatabank.org/id/studydilemmatype/1,https://data.cooperationdatabank.org/vocab/prop/gameIncentive,https://data.cooperationdatabank.org/id/gameincentive/monetary,https://data.cooperationdatabank.org/id/gameincentive/non-monetary_material,https://data.cooperationdatabank.org/vocab/prop/IncentivesVariable,Game incentive,Monetary,Non-monetary Material,Game type,Prisoner's Dilemma Game,lower,"When comparing studies where game incentive is monetary and studies where game incentive is non-monetary material, cooperation is significantly lower when game type is prisoner's dilemma game compared to when game type has another value."
37280,https://data.cooperationdatabank.org/id/dependentvariable/cooperation,https://data.cooperationdatabank.org/vocab/prop/studyExperimentalSetting,https://data.cooperationdatabank.org/id/studyexperimentalsetting/2,https://data.cooperationdatabank.org/vocab/prop/gameIncentive,https://data.cooperationdatabank.org/id/gameincentive/monetary,https://data.cooperationdatabank.org/id/gameincentive/non-monetary_material,https://data.cooperationdatabank.org/vocab/prop/IncentivesVariable,Game incentive,Monetary,Non-monetary Material,Experimental setting,Lab,lower,"When comparing studies where game incentive is monetary and studies where game incentive is non-monetary material, cooperation is significantly lower when experimental setting is lab compared to when experimental setting has another value."
37284,https://data.cooperationdatabank.org/id/dependentvariable/cooperation,https://data.cooperationdatabank.org/vocab/prop/studyMatchingProtocol,https://data.cooperationdatabank.org/id/studymatchingprotocol/2,https://data.cooperationdatabank.org/vocab/prop/gameIncentive,https://data.cooperationdatabank.org/id/gameincentive/monetary,https://data.cooperationdatabank.org/id/gameincentive/non-monetary_material,https://data.cooperationdatabank.org/vocab/prop/IncentivesVariable,Game incentive,Monetary,Non-monetary Material,Matching,Partner,lower,"When comparing studies where game incentive is monetary and studies where game incentive is non-monetary material, cooperation is significantly lower when matching is partner compared to when matching has another value."
37286,https://data.cooperationdatabank.org/id/dependentvariable/cooperation,https://data.cooperationdatabank.org/vocab/prop/studyOneShot,https://data.cooperationdatabank.org/id/studyoneshot/0,https://data.cooperationdatabank.org/vocab/prop/gameIncentive,https://data.cooperationdatabank.org/id/gameincentive/monetary,https://data.cooperationdatabank.org/id/gameincentive/non-monetary_material,https://data.cooperationdatabank.org/vocab/prop/IncentivesVariable,Game incentive,Monetary,Non-monetary Material,One-shot vs repeated,Repeated,lower,"When comparing studies where game incentive is monetary and studies where game incentive is non-monetary material, cooperation is significantly lower when one-shot vs repeated is repeated compared to when one-shot vs repeated has another value."
37289,https://data.cooperationdatabank.org/id/dependentvariable/cooperation,https://data.cooperationdatabank.org/vocab/prop/studySymmetric,true,https://data.cooperationdatabank.org/vocab/prop/gameIncentive,https://data.cooperationdatabank.org/id/gameincentive/monetary,https://data.cooperationdatabank.org/id/gameincentive/non-monetary_material,https://data.cooperationdatabank.org/vocab/prop/IncentivesVariable,Game incentive,Monetary,Non-monetary Material,Symmetry,na,lower,"When comparing studies where game incentive is monetary and studies where game incentive is non-monetary material, cooperation is significantly lower when symmetry is true compared to when symmetry has another value."
37290,https://data.cooperationdatabank.org/id/dependentvariable/cooperation,https://data.cooperationdatabank.org/vocab/prop/studyTrialOfCooperation,https://data.cooperationdatabank.org/id/studytrialofcooperation/1,https://data.cooperationdatabank.org/vocab/prop/gameIncentive,https://data.cooperationdatabank.org/id/gameincentive/monetary,https://data.cooperationdatabank.org/id/gameincentive/non-monetary_material,https://data.cooperationdatabank.org/vocab/prop/IncentivesVariable,Game incentive,Monetary,Non-monetary Material,Trial of cooperation,All trials,lower,"When comparing studies where game incentive is monetary and studies where game incentive is non-monetary material, cooperation is significantly lower when trial of cooperation is all trials compared to when trial of cooperation has another value."
37292,https://data.cooperationdatabank.org/id/dependentvariable/cooperation,https://data.cooperationdatabank.org/vocab/prop/yearSource,https://data.cooperationdatabank.org/id/yearsource/3,https://data.cooperationdatabank.org/vocab/prop/gameIncentive,https://data.cooperationdatabank.org/id/gameincentive/monetary,https://data.cooperationdatabank.org/id/gameincentive/non-monetary_material,https://data.cooperationdatabank.org/vocab/prop/IncentivesVariable,Game incentive,Monetary,Non-monetary Material,Source of year of data collection,Working paper published,lower,"When comparing studies where game incentive is monetary and studies where game incentive is non-monetary material, cooperation is significantly lower when source of year of data collection is working paper published compared to when source of year of data collection has another value."
37293,https://data.cooperationdatabank.org/id/dependentvariable/cooperation,https://data.cooperationdatabank.org/vocab/prop/studyShowUpFee,https://data.cooperationdatabank.org/id/studyshowupfee/2,https://data.cooperationdatabank.org/vocab/prop/gameIncentive,https://data.cooperationdatabank.org/id/gameincentive/monetary,https://data.cooperationdatabank.org/id/gameincentive/non-monetary_material,https://data.cooperationdatabank.org/vocab/prop/IncentivesVariable,Game incentive,Monetary,Non-monetary Material,Show-up fee,Course credit,lower,"When comparing studies where game incentive is monetary and studies where game incentive is non-monetary material, cooperation is significantly lower when show-up fee is course credit compared to when show-up fee has another value."
37294,https://data.cooperationdatabank.org/id/dependentvariable/cooperation,https://data.cooperationdatabank.org/vocab/prop/recruitmentMethod,https://data.cooperationdatabank.org/id/recruitmentmethod/1,https://data.cooperationdatabank.org/vocab/prop/gameIncentive,https://data.cooperationdatabank.org/id/gameincentive/monetary,https://data.cooperationdatabank.org/id/gameincentive/non-monetary_material,https://data.cooperationdatabank.org/vocab/prop/IncentivesVariable,Game incentive,Monetary,Non-monetary Material,Recruitment method,Participant pool,lower,"When comparing studies where game incentive is monetary and studies where game incentive is non-monetary material, cooperation is significantly lower when recruitment method is participant pool compared to when recruitment method has another value."
37341,https://data.cooperationdatabank.org/id/dependentvariable/cooperation,https://data.cooperationdatabank.org/vocab/prop/studyAcademicDiscipline,https://data.cooperationdatabank.org/id/studyacademicdiscipline/2,https://data.cooperationdatabank.org/vocab/prop/gameIncentive,https://data.cooperationdatabank.org/id/gameincentive/monetary,https://data.cooperationdatabank.org/id/gameincentive/non-monetary_material,https://data.cooperationdatabank.org/vocab/prop/IncentivesVariable,Game incentive,Monetary,Non-monetary Material,Academic discipline,Psychology,higher,"When comparing studies where game incentive is monetary and studies where game incentive is non-monetary material, cooperation is significantly higher when academic discipline is psychology compared to when academic discipline has another value."
37345,https://data.cooperationdatabank.org/id/dependentvariable/cooperation,https://data.cooperationdatabank.org/vocab/prop/studyGameIncentive,https://data.cooperationdatabank.org/id/studygameincentive/1,https://data.cooperationdatabank.org/vocab/prop/gameIncentive,https://data.cooperationdatabank.org/id/gameincentive/monetary,https://data.cooperationdatabank.org/id/gameincentive/non-monetary_material,https://data.cooperationdatabank.org/vocab/prop/IncentivesVariable,Game incentive,Monetary,Non-monetary Material,Game incentive,Monetary,higher,"When comparing studies where game incentive is monetary and studies where game incentive is non-monetary material, cooperation is significantly higher when game incentive is monetary compared to when game incentive has another value."
59511,https://data.cooperationdatabank.org/id/dependentvariable/cooperation,https://data.cooperationdatabank.org/vocab/prop/studyRealPartner,https://data.cooperationdatabank.org/id/studyrealpartner/0,https://data.cooperationdatabank.org/vocab/prop/gameIncentive,https://data.cooperationdatabank.org/id/gameincentive/monetary,https://data.cooperationdatabank.org/id/gameincentive/hypothetical,https://data.cooperationdatabank.org/vocab/prop/IncentivesVariable,Game incentive,Monetary,Hypothetical,Real partner,Hypothetical,lower,"When comparing studies where game incentive is monetary and studies where game incentive is hypothetical, cooperation is significantly lower when real partner is hypothetical compared to when real partner has another value."
60546,https://data.cooperationdatabank.org/id/dependentvariable/cooperation,https://data.cooperationdatabank.org/vocab/prop/studyStudentSample,true,https://data.cooperationdatabank.org/vocab/prop/gameIncentive,https://data.cooperationdatabank.org/id/gameincentive/hypothetical,https://data.cooperationdatabank.org/id/gameincentive/non-monetary_material,https://data.cooperationdatabank.org/vocab/prop/IncentivesVariable,Game incentive,Hypothetical,Non-monetary Material,Student sample,na,lower,"When comparing studies where game incentive is hypothetical and studies where game incentive is non-monetary material, cooperation is significantly lower when student sample is true compared to when student sample has another value."
73546,https://data.cooperationdatabank.org/id/dependentvariable/cooperation,https://data.cooperationdatabank.org/vocab/prop/studyShowUpFee,https://data.cooperationdatabank.org/id/studyshowupfee/2,https://data.cooperationdatabank.org/vocab/prop/gameIncentive,https://data.cooperationdatabank.org/id/gameincentive/monetary,https://data.cooperationdatabank.org/id/gameincentive/hypothetical,https://data.cooperationdatabank.org/vocab/prop/IncentivesVariable,Game incentive,Monetary,Hypothetical,Show-up fee,Course credit,higher,"When comparing studies where game incentive is monetary and studies where game incentive is hypothetical, cooperation is significantly higher when show-up fee is course credit compared to when show-up fee has another value."
73790,https://data.cooperationdatabank.org/id/dependentvariable/cooperation,https://data.cooperationdatabank.org/vocab/prop/country,https://data.cooperationdatabank.org/id/country/USA,https://data.cooperationdatabank.org/vocab/prop/gameIncentive,https://data.cooperationdatabank.org/id/gameincentive/monetary,https://data.cooperationdatabank.org/id/gameincentive/hypothetical,https://data.cooperationdatabank.org/vocab/prop/IncentivesVariable,Game incentive,Monetary,Hypothetical,has country,USA,higher,"When comparing studies where game incentive is monetary and studies where game incentive is hypothetical, cooperation is significantly higher when has country is usa compared to when has country has another value."
73791,https://data.cooperationdatabank.org/id/dependentvariable/cooperation,https://data.cooperationdatabank.org/vocab/prop/countrySource,https://data.cooperationdatabank.org/id/countrysource/1,https://data.cooperationdatabank.org/vocab/prop/gameIncentive,https://data.cooperationdatabank.org/id/gameincentive/monetary,https://data.cooperationdatabank.org/id/gameincentive/hypothetical,https://data.cooperationdatabank.org/vocab/prop/IncentivesVariable,Game incentive,Monetary,Hypothetical,Source of country or region,Specified country,higher,"When comparing studies where game incentive is monetary and studies where game incentive is hypothetical, cooperation is significantly higher when source of country or region is specified country compared to when source of country or region has another value."
73792,https://data.cooperationdatabank.org/id/dependentvariable/cooperation,https://data.cooperationdatabank.org/vocab/prop/deception,false,https://data.cooperationdatabank.org/vocab/prop/gameIncentive,https://data.cooperationdatabank.org/id/gameincentive/monetary,https://data.cooperationdatabank.org/id/gameincentive/hypothetical,https://data.cooperationdatabank.org/vocab/prop/IncentivesVariable,Game incentive,Monetary,Hypothetical,Deception,na,higher,"When comparing studies where game incentive is monetary and studies where game incentive is hypothetical, cooperation is significantly higher when deception is false compared to when deception has another value."
73793,https://data.cooperationdatabank.org/id/dependentvariable/cooperation,https://data.cooperationdatabank.org/vocab/prop/discussion,https://data.cooperationdatabank.org/id/discussion/0,https://data.cooperationdatabank.org/vocab/prop/gameIncentive,https://data.cooperationdatabank.org/id/gameincentive/monetary,https://data.cooperationdatabank.org/id/gameincentive/hypothetical,https://data.cooperationdatabank.org/vocab/prop/IncentivesVariable,Game incentive,Monetary,Hypothetical,Discussion,Absent,higher,"When comparing studies where game incentive is monetary and studies where game incentive is hypothetical, cooperation is significantly higher when discussion is absent compared to when discussion has another value."
73797,https://data.cooperationdatabank.org/id/dependentvariable/cooperation,https://data.cooperationdatabank.org/vocab/prop/publicationStatus,https://data.cooperationdatabank.org/id/publicationstatus/1,https://data.cooperationdatabank.org/vocab/prop/gameIncentive,https://data.cooperationdatabank.org/id/gameincentive/monetary,https://data.cooperationdatabank.org/id/gameincentive/hypothetical,https://data.cooperationdatabank.org/vocab/prop/IncentivesVariable,Game incentive,Monetary,Hypothetical,Published,Published Article,higher,"When comparing studies where game incentive is monetary and studies where game incentive is hypothetical, cooperation is significantly higher when published is published article compared to when published has another value."
73798,https://data.cooperationdatabank.org/id/dependentvariable/cooperation,https://data.cooperationdatabank.org/vocab/prop/sanction,false,https://data.cooperationdatabank.org/vocab/prop/gameIncentive,https://data.cooperationdatabank.org/id/gameincentive/monetary,https://data.cooperationdatabank.org/id/gameincentive/hypothetical,https://data.cooperationdatabank.org/vocab/prop/IncentivesVariable,Game incentive,Monetary,Hypothetical,Sanction,na,higher,"When comparing studies where game incentive is monetary and studies where game incentive is hypothetical, cooperation is significantly higher when sanction is false compared to when sanction has another value."
73800,https://data.cooperationdatabank.org/id/dependentvariable/cooperation,https://data.cooperationdatabank.org/vocab/prop/studyAcquaintance,https://data.cooperationdatabank.org/id/studyacquaintance/0,https://data.cooperationdatabank.org/vocab/prop/gameIncentive,https://data.cooperationdatabank.org/id/gameincentive/monetary,https://data.cooperationdatabank.org/id/gameincentive/hypothetical,https://data.cooperationdatabank.org/vocab/prop/IncentivesVariable,Game incentive,Monetary,Hypothetical,Acquaintance,Strangers,higher,"When comparing studies where game incentive is monetary and studies where game incentive is hypothetical, cooperation is significantly higher when acquaintance is strangers compared to when acquaintance has another value."
73801,https://data.cooperationdatabank.org/id/dependentvariable/cooperation,https://data.cooperationdatabank.org/vocab/prop/studyDilemmaType,https://data.cooperationdatabank.org/id/studydilemmatype/1,https://data.cooperationdatabank.org/vocab/prop/gameIncentive,https://data.cooperationdatabank.org/id/gameincentive/monetary,https://data.cooperationdatabank.org/id/gameincentive/hypothetical,https://data.cooperationdatabank.org/vocab/prop/IncentivesVariable,Game incentive,Monetary,Hypothetical,Game type,Prisoner's Dilemma Game,higher,"When comparing studies where game incentive is monetary and studies where game incentive is hypothetical, cooperation is significantly higher when game type is prisoner's dilemma game compared to when game type has another value."
73802,https://data.cooperationdatabank.org/id/dependentvariable/cooperation,https://data.cooperationdatabank.org/vocab/prop/studyExperimentalSetting,https://data.cooperationdatabank.org/id/studyexperimentalsetting/2,https://data.cooperationdatabank.org/vocab/prop/gameIncentive,https://data.cooperationdatabank.org/id/gameincentive/monetary,https://data.cooperationdatabank.org/id/gameincentive/hypothetical,https://data.cooperationdatabank.org/vocab/prop/IncentivesVariable,Game incentive,Monetary,Hypothetical,Experimental setting,Lab,higher,"When comparing studies where game incentive is monetary and studies where game incentive is hypothetical, cooperation is significantly higher when experimental setting is lab compared to when experimental setting has another value."
73806,https://data.cooperationdatabank.org/id/dependentvariable/cooperation,https://data.cooperationdatabank.org/vocab/prop/studyMatchingProtocol,https://data.cooperationdatabank.org/id/studymatchingprotocol/2,https://data.cooperationdatabank.org/vocab/prop/gameIncentive,https://data.cooperationdatabank.org/id/gameincentive/monetary,https://data.cooperationdatabank.org/id/gameincentive/hypothetical,https://data.cooperationdatabank.org/vocab/prop/IncentivesVariable,Game incentive,Monetary,Hypothetical,Matching,Partner,higher,"When comparing studies where game incentive is monetary and studies where game incentive is hypothetical, cooperation is significantly higher when matching is partner compared to when matching has another value."
73808,https://data.cooperationdatabank.org/id/dependentvariable/cooperation,https://data.cooperationdatabank.org/vocab/prop/studyOneShot,https://data.cooperationdatabank.org/id/studyoneshot/0,https://data.cooperationdatabank.org/vocab/prop/gameIncentive,https://data.cooperationdatabank.org/id/gameincentive/monetary,https://data.cooperationdatabank.org/id/gameincentive/hypothetical,https://data.cooperationdatabank.org/vocab/prop/IncentivesVariable,Game incentive,Monetary,Hypothetical,One-shot vs repeated,Repeated,higher,"When comparing studies where game incentive is monetary and studies where game incentive is hypothetical, cooperation is significantly higher when one-shot vs repeated is repeated compared to when one-shot vs repeated has another value."
73809,https://data.cooperationdatabank.org/id/dependentvariable/cooperation,https://data.cooperationdatabank.org/vocab/prop/studyRealPartner,https://data.cooperationdatabank.org/id/studyrealpartner/1,https://data.cooperationdatabank.org/vocab/prop/gameIncentive,https://data.cooperationdatabank.org/id/gameincentive/monetary,https://data.cooperationdatabank.org/id/gameincentive/hypothetical,https://data.cooperationdatabank.org/vocab/prop/IncentivesVariable,Game incentive,Monetary,Hypothetical,Real partner,Real,higher,"When comparing studies where game incentive is monetary and studies where game incentive is hypothetical, cooperation is significantly higher when real partner is real compared to when real partner has another value."
73810,https://data.cooperationdatabank.org/id/dependentvariable/cooperation,https://data.cooperationdatabank.org/vocab/prop/studyStudentSample,true,https://data.cooperationdatabank.org/vocab/prop/gameIncentive,https://data.cooperationdatabank.org/id/gameincentive/monetary,https://data.cooperationdatabank.org/id/gameincentive/hypothetical,https://data.cooperationdatabank.org/vocab/prop/IncentivesVariable,Game incentive,Monetary,Hypothetical,Student sample,na,higher,"When comparing studies where game incentive is monetary and studies where game incentive is hypothetical, cooperation is significantly higher when student sample is true compared to when student sample has another value."
73811,https://data.cooperationdatabank.org/id/dependentvariable/cooperation,https://data.cooperationdatabank.org/vocab/prop/studySymmetric,true,https://data.cooperationdatabank.org/vocab/prop/gameIncentive,https://data.cooperationdatabank.org/id/gameincentive/monetary,https://data.cooperationdatabank.org/id/gameincentive/hypothetical,https://data.cooperationdatabank.org/vocab/prop/IncentivesVariable,Game incentive,Monetary,Hypothetical,Symmetry,na,higher,"When comparing studies where game incentive is monetary and studies where game incentive is hypothetical, cooperation is significantly higher when symmetry is true compared to when symmetry has another value."
73812,https://data.cooperationdatabank.org/id/dependentvariable/cooperation,https://data.cooperationdatabank.org/vocab/prop/studyTrialOfCooperation,https://data.cooperationdatabank.org/id/studytrialofcooperation/1,https://data.cooperationdatabank.org/vocab/prop/gameIncentive,https://data.cooperationdatabank.org/id/gameincentive/monetary,https://data.cooperationdatabank.org/id/gameincentive/hypothetical,https://data.cooperationdatabank.org/vocab/prop/IncentivesVariable,Game incentive,Monetary,Hypothetical,Trial of cooperation,All trials,higher,"When comparing studies where game incentive is monetary and studies where game incentive is hypothetical, cooperation is significantly higher when trial of cooperation is all trials compared to when trial of cooperation has another value."
73814,https://data.cooperationdatabank.org/id/dependentvariable/cooperation,https://data.cooperationdatabank.org/vocab/prop/yearSource,https://data.cooperationdatabank.org/id/yearsource/4,https://data.cooperationdatabank.org/vocab/prop/gameIncentive,https://data.cooperationdatabank.org/id/gameincentive/monetary,https://data.cooperationdatabank.org/id/gameincentive/hypothetical,https://data.cooperationdatabank.org/vocab/prop/IncentivesVariable,Game incentive,Monetary,Hypothetical,Source of year of data collection,Received/Submitted,higher,"When comparing studies where game incentive is monetary and studies where game incentive is hypothetical, cooperation is significantly higher when source of year of data collection is submitted compared to when source of year of data collection has another value."
73816,https://data.cooperationdatabank.org/id/dependentvariable/cooperation,https://data.cooperationdatabank.org/vocab/prop/recruitmentMethod,https://data.cooperationdatabank.org/id/recruitmentmethod/1,https://data.cooperationdatabank.org/vocab/prop/gameIncentive,https://data.cooperationdatabank.org/id/gameincentive/monetary,https://data.cooperationdatabank.org/id/gameincentive/hypothetical,https://data.cooperationdatabank.org/vocab/prop/IncentivesVariable,Game incentive,Monetary,Hypothetical,Recruitment method,Participant pool,higher,"When comparing studies where game incentive is monetary and studies where game incentive is hypothetical, cooperation is significantly higher when recruitment method is participant pool compared to when recruitment method has another value."
104553,https://data.cooperationdatabank.org/id/dependentvariable/cooperation,https://data.cooperationdatabank.org/vocab/prop/studyGameIncentive,https://data.cooperationdatabank.org/id/studygameincentive/0,https://data.cooperationdatabank.org/vocab/prop/showUpFee,true,false,https://data.cooperationdatabank.org/vocab/prop/IncentivesVariable,Show-up fee,na,na,Game incentive,Hypothetical,lower,"When comparing studies where show-up fee is true and studies where show-up fee is false, cooperation is significantly lower when game incentive is hypothetical compared to when game incentive has another value."
104581,https://data.cooperationdatabank.org/id/dependentvariable/cooperation,https://data.cooperationdatabank.org/vocab/prop/studyShowUpFee,https://data.cooperationdatabank.org/id/studyshowupfee/0,https://data.cooperationdatabank.org/vocab/prop/showUpFee,true,false,https://data.cooperationdatabank.org/vocab/prop/IncentivesVariable,Show-up fee,na,na,Show-up fee,Absent,lower,"When comparing studies where show-up fee is true and studies where show-up fee is false, cooperation is significantly lower when show-up fee is absent compared to when show-up fee has another value."
104604,https://data.cooperationdatabank.org/id/dependentvariable/cooperation,https://data.cooperationdatabank.org/vocab/prop/studyGameIncentive,https://data.cooperationdatabank.org/id/studygameincentive/0,https://data.cooperationdatabank.org/vocab/prop/gameIncentive,https://data.cooperationdatabank.org/id/gameincentive/monetary,https://data.cooperationdatabank.org/id/gameincentive/hypothetical,https://data.cooperationdatabank.org/vocab/prop/IncentivesVariable,Game incentive,Monetary,Hypothetical,Game incentive,Hypothetical,higher,"When comparing studies where game incentive is monetary and studies where game incentive is hypothetical, cooperation is significantly higher when game incentive is hypothetical compared to when game incentive has another value."
121984,https://data.cooperationdatabank.org/id/dependentvariable/cooperation,https://data.cooperationdatabank.org/vocab/prop/studyKnownEndgame,true,https://data.cooperationdatabank.org/vocab/prop/gameIncentive,https://data.cooperationdatabank.org/id/gameincentive/monetary,https://data.cooperationdatabank.org/id/gameincentive/non-monetary_material,https://data.cooperationdatabank.org/vocab/prop/IncentivesVariable,Game incentive,Monetary,Non-monetary Material,Known endgame,na,higher,"When comparing studies where game incentive is monetary and studies where game incentive is non-monetary material, cooperation is significantly higher when known endgame is true compared to when known endgame has another value."
133634,https://data.cooperationdatabank.org/id/dependentvariable/cooperation,https://data.cooperationdatabank.org/vocab/prop/studyGameIncentive,https://data.cooperationdatabank.org/id/studygameincentive/1,https://data.cooperationdatabank.org/vocab/prop/showUpFee,true,false,https://data.cooperationdatabank.org/vocab/prop/IncentivesVariable,Show-up fee,na,na,Game incentive,Monetary,higher,"When comparing studies where show-up fee is true and studies where show-up fee is false, cooperation is significantly higher when game incentive is monetary compared to when game incentive has another value."
133646,https://data.cooperationdatabank.org/id/dependentvariable/cooperation,https://data.cooperationdatabank.org/vocab/prop/studyStudentSample,true,https://data.cooperationdatabank.org/vocab/prop/showUpFee,true,false,https://data.cooperationdatabank.org/vocab/prop/IncentivesVariable,Show-up fee,na,na,Student sample,na,higher,"When comparing studies where show-up fee is true and studies where show-up fee is false, cooperation is significantly higher when student sample is true compared to when student sample has another value."
133656,https://data.cooperationdatabank.org/id/dependentvariable/cooperation,https://data.cooperationdatabank.org/vocab/prop/studyShowUpFee,https://data.cooperationdatabank.org/id/studyshowupfee/0,https://data.cooperationdatabank.org/vocab/prop/showUpFee,true,false,https://data.cooperationdatabank.org/vocab/prop/IncentivesVariable,Show-up fee,na,na,Show-up fee,Absent,higher,"When comparing studies where show-up fee is true and studies where show-up fee is false, cooperation is significantly higher when show-up fee is absent compared to when show-up fee has another value."
133694,https://data.cooperationdatabank.org/id/dependentvariable/cooperation,https://data.cooperationdatabank.org/vocab/prop/country,https://data.cooperationdatabank.org/id/country/USA,https://data.cooperationdatabank.org/vocab/prop/showUpFee,true,false,https://data.cooperationdatabank.org/vocab/prop/IncentivesVariable,Show-up fee,na,na,has country,USA,lower,"When comparing studies where show-up fee is true and studies where show-up fee is false, cooperation is significantly lower when has country is usa compared to when has country has another value."
133696,https://data.cooperationdatabank.org/id/dependentvariable/cooperation,https://data.cooperationdatabank.org/vocab/prop/countrySource,https://data.cooperationdatabank.org/id/countrysource/3,https://data.cooperationdatabank.org/vocab/prop/showUpFee,true,false,https://data.cooperationdatabank.org/vocab/prop/IncentivesVariable,Show-up fee,na,na,Source of country or region,All authors,lower,"When comparing studies where show-up fee is true and studies where show-up fee is false, cooperation is significantly lower when source of country or region is all authors compared to when source of country or region has another value."
133698,https://data.cooperationdatabank.org/id/dependentvariable/cooperation,https://data.cooperationdatabank.org/vocab/prop/deception,false,https://data.cooperationdatabank.org/vocab/prop/showUpFee,true,false,https://data.cooperationdatabank.org/vocab/prop/IncentivesVariable,Show-up fee,na,na,Deception,na,lower,"When comparing studies where show-up fee is true and studies where show-up fee is false, cooperation is significantly lower when deception is false compared to when deception has another value."
133700,https://data.cooperationdatabank.org/id/dependentvariable/cooperation,https://data.cooperationdatabank.org/vocab/prop/discussion,https://data.cooperationdatabank.org/id/discussion/0,https://data.cooperationdatabank.org/vocab/prop/showUpFee,true,false,https://data.cooperationdatabank.org/vocab/prop/IncentivesVariable,Show-up fee,na,na,Discussion,Absent,lower,"When comparing studies where show-up fee is true and studies where show-up fee is false, cooperation is significantly lower when discussion is absent compared to when discussion has another value."
133708,https://data.cooperationdatabank.org/id/dependentvariable/cooperation,https://data.cooperationdatabank.org/vocab/prop/publicationStatus,https://data.cooperationdatabank.org/id/publicationstatus/1,https://data.cooperationdatabank.org/vocab/prop/showUpFee,true,false,https://data.cooperationdatabank.org/vocab/prop/IncentivesVariable,Show-up fee,na,na,Published,Published Article,lower,"When comparing studies where show-up fee is true and studies where show-up fee is false, cooperation is significantly lower when published is published article compared to when published has another value."
133710,https://data.cooperationdatabank.org/id/dependentvariable/cooperation,https://data.cooperationdatabank.org/vocab/prop/sanction,false,https://data.cooperationdatabank.org/vocab/prop/showUpFee,true,false,https://data.cooperationdatabank.org/vocab/prop/IncentivesVariable,Show-up fee,na,na,Sanction,na,lower,"When comparing studies where show-up fee is true and studies where show-up fee is false, cooperation is significantly lower when sanction is false compared to when sanction has another value."
133712,https://data.cooperationdatabank.org/id/dependentvariable/cooperation,https://data.cooperationdatabank.org/vocab/prop/studyAcquaintance,https://data.cooperationdatabank.org/id/studyacquaintance/0,https://data.cooperationdatabank.org/vocab/prop/showUpFee,true,false,https://data.cooperationdatabank.org/vocab/prop/IncentivesVariable,Show-up fee,na,na,Acquaintance,Strangers,lower,"When comparing studies where show-up fee is true and studies where show-up fee is false, cooperation is significantly lower when acquaintance is strangers compared to when acquaintance has another value."
133714,https://data.cooperationdatabank.org/id/dependentvariable/cooperation,https://data.cooperationdatabank.org/vocab/prop/studyDilemmaType,https://data.cooperationdatabank.org/id/studydilemmatype/1,https://data.cooperationdatabank.org/vocab/prop/showUpFee,true,false,https://data.cooperationdatabank.org/vocab/prop/IncentivesVariable,Show-up fee,na,na,Game type,Prisoner's Dilemma Game,lower,"When comparing studies where show-up fee is true and studies where show-up fee is false, cooperation is significantly lower when game type is prisoner's dilemma game compared to when game type has another value."
133716,https://data.cooperationdatabank.org/id/dependentvariable/cooperation,https://data.cooperationdatabank.org/vocab/prop/studyExperimentalSetting,https://data.cooperationdatabank.org/id/studyexperimentalsetting/2,https://data.cooperationdatabank.org/vocab/prop/showUpFee,true,false,https://data.cooperationdatabank.org/vocab/prop/IncentivesVariable,Show-up fee,na,na,Experimental setting,Lab,lower,"When comparing studies where show-up fee is true and studies where show-up fee is false, cooperation is significantly lower when experimental setting is lab compared to when experimental setting has another value."
133722,https://data.cooperationdatabank.org/id/dependentvariable/cooperation,https://data.cooperationdatabank.org/vocab/prop/studyMatchingProtocol,https://data.cooperationdatabank.org/id/studymatchingprotocol/2,https://data.cooperationdatabank.org/vocab/prop/showUpFee,true,false,https://data.cooperationdatabank.org/vocab/prop/IncentivesVariable,Show-up fee,na,na,Matching,Partner,lower,"When comparing studies where show-up fee is true and studies where show-up fee is false, cooperation is significantly lower when matching is partner compared to when matching has another value."
133726,https://data.cooperationdatabank.org/id/dependentvariable/cooperation,https://data.cooperationdatabank.org/vocab/prop/studyOneShot,https://data.cooperationdatabank.org/id/studyoneshot/0,https://data.cooperationdatabank.org/vocab/prop/showUpFee,true,false,https://data.cooperationdatabank.org/vocab/prop/IncentivesVariable,Show-up fee,na,na,One-shot vs repeated,Repeated,lower,"When comparing studies where show-up fee is true and studies where show-up fee is false, cooperation is significantly lower when one-shot vs repeated is repeated compared to when one-shot vs repeated has another value."
133728,https://data.cooperationdatabank.org/id/dependentvariable/cooperation,https://data.cooperationdatabank.org/vocab/prop/studyRealPartner,https://data.cooperationdatabank.org/id/studyrealpartner/1,https://data.cooperationdatabank.org/vocab/prop/showUpFee,true,false,https://data.cooperationdatabank.org/vocab/prop/IncentivesVariable,Show-up fee,na,na,Real partner,Real,lower,"When comparing studies where show-up fee is true and studies where show-up fee is false, cooperation is significantly lower when real partner is real compared to when real partner has another value."
133730,https://data.cooperationdatabank.org/id/dependentvariable/cooperation,https://data.cooperationdatabank.org/vocab/prop/studyStudentSample,true,https://data.cooperationdatabank.org/vocab/prop/showUpFee,true,false,https://data.cooperationdatabank.org/vocab/prop/IncentivesVariable,Show-up fee,na,na,Student sample,na,lower,"When comparing studies where show-up fee is true and studies where show-up fee is false, cooperation is significantly lower when student sample is true compared to when student sample has another value."
133732,https://data.cooperationdatabank.org/id/dependentvariable/cooperation,https://data.cooperationdatabank.org/vocab/prop/studySymmetric,true,https://data.cooperationdatabank.org/vocab/prop/showUpFee,true,false,https://data.cooperationdatabank.org/vocab/prop/IncentivesVariable,Show-up fee,na,na,Symmetry,na,lower,"When comparing studies where show-up fee is true and studies where show-up fee is false, cooperation is significantly lower when symmetry is true compared to when symmetry has another value."
133734,https://data.cooperationdatabank.org/id/dependentvariable/cooperation,https://data.cooperationdatabank.org/vocab/prop/studyTrialOfCooperation,https://data.cooperationdatabank.org/id/studytrialofcooperation/1,https://data.cooperationdatabank.org/vocab/prop/showUpFee,true,false,https://data.cooperationdatabank.org/vocab/prop/IncentivesVariable,Show-up fee,na,na,Trial of cooperation,All trials,lower,"When comparing studies where show-up fee is true and studies where show-up fee is false, cooperation is significantly lower when trial of cooperation is all trials compared to when trial of cooperation has another value."
133738,https://data.cooperationdatabank.org/id/dependentvariable/cooperation,https://data.cooperationdatabank.org/vocab/prop/yearSource,https://data.cooperationdatabank.org/id/yearsource/4,https://data.cooperationdatabank.org/vocab/prop/showUpFee,true,false,https://data.cooperationdatabank.org/vocab/prop/IncentivesVariable,Show-up fee,na,na,Source of year of data collection,Received/Submitted,lower,"When comparing studies where show-up fee is true and studies where show-up fee is false, cooperation is significantly lower when source of year of data collection is submitted compared to when source of year of data collection has another value."
133742,https://data.cooperationdatabank.org/id/dependentvariable/cooperation,https://data.cooperationdatabank.org/vocab/prop/recruitmentMethod,https://data.cooperationdatabank.org/id/recruitmentmethod/3,https://data.cooperationdatabank.org/vocab/prop/showUpFee,true,false,https://data.cooperationdatabank.org/vocab/prop/IncentivesVariable,Show-up fee,na,na,Recruitment method,Other,lower,"When comparing studies where show-up fee is true and studies where show-up fee is false, cooperation is significantly lower when recruitment method is other compared to when recruitment method has another value."
133804,https://data.cooperationdatabank.org/id/dependentvariable/cooperation,https://data.cooperationdatabank.org/vocab/prop/country,https://data.cooperationdatabank.org/id/country/USA,https://data.cooperationdatabank.org/vocab/prop/showUpFee,True,False,https://data.cooperationdatabank.org/vocab/prop/IncentivesVariable,Show-up fee,na,na,has country,USA,higher,"When comparing studies where show-up fee is true and studies where show-up fee is false, cooperation is significantly higher when has country is usa compared to when has country has another value."
133805,https://data.cooperationdatabank.org/id/dependentvariable/cooperation,https://data.cooperationdatabank.org/vocab/prop/countrySource,https://data.cooperationdatabank.org/id/countrysource/3,https://data.cooperationdatabank.org/vocab/prop/showUpFee,True,False,https://data.cooperationdatabank.org/vocab/prop/IncentivesVariable,Show-up fee,na,na,Source of country or region,All authors,higher,"When comparing studies where show-up fee is true and studies where show-up fee is false, cooperation is significantly higher when source of country or region is all authors compared to when source of country or region has another value."
133806,https://data.cooperationdatabank.org/id/dependentvariable/cooperation,https://data.cooperationdatabank.org/vocab/prop/deception,false,https://data.cooperationdatabank.org/vocab/prop/showUpFee,True,False,https://data.cooperationdatabank.org/vocab/prop/IncentivesVariable,Show-up fee,na,na,Deception,na,higher,"When comparing studies where show-up fee is true and studies where show-up fee is false, cooperation is significantly higher when deception is false compared to when deception has another value."
133807,https://data.cooperationdatabank.org/id/dependentvariable/cooperation,https://data.cooperationdatabank.org/vocab/prop/discussion,https://data.cooperationdatabank.org/id/discussion/0,https://data.cooperationdatabank.org/vocab/prop/showUpFee,True,False,https://data.cooperationdatabank.org/vocab/prop/IncentivesVariable,Show-up fee,na,na,Discussion,Absent,higher,"When comparing studies where show-up fee is true and studies where show-up fee is false, cooperation is significantly higher when discussion is absent compared to when discussion has another value."
133811,https://data.cooperationdatabank.org/id/dependentvariable/cooperation,https://data.cooperationdatabank.org/vocab/prop/publicationStatus,https://data.cooperationdatabank.org/id/publicationstatus/1,https://data.cooperationdatabank.org/vocab/prop/showUpFee,True,False,https://data.cooperationdatabank.org/vocab/prop/IncentivesVariable,Show-up fee,na,na,Published,Published Article,higher,"When comparing studies where show-up fee is true and studies where show-up fee is false, cooperation is significantly higher when published is published article compared to when published has another value."
133812,https://data.cooperationdatabank.org/id/dependentvariable/cooperation,https://data.cooperationdatabank.org/vocab/prop/sanction,false,https://data.cooperationdatabank.org/vocab/prop/showUpFee,True,False,https://data.cooperationdatabank.org/vocab/prop/IncentivesVariable,Show-up fee,na,na,Sanction,na,higher,"When comparing studies where show-up fee is true and studies where show-up fee is false, cooperation is significantly higher when sanction is false compared to when sanction has another value."
133813,https://data.cooperationdatabank.org/id/dependentvariable/cooperation,https://data.cooperationdatabank.org/vocab/prop/studyAcquaintance,https://data.cooperationdatabank.org/id/studyacquaintance/0,https://data.cooperationdatabank.org/vocab/prop/showUpFee,True,False,https://data.cooperationdatabank.org/vocab/prop/IncentivesVariable,Show-up fee,na,na,Acquaintance,Strangers,higher,"When comparing studies where show-up fee is true and studies where show-up fee is false, cooperation is significantly higher when acquaintance is strangers compared to when acquaintance has another value."
133814,https://data.cooperationdatabank.org/id/dependentvariable/cooperation,https://data.cooperationdatabank.org/vocab/prop/studyDilemmaType,https://data.cooperationdatabank.org/id/studydilemmatype/1,https://data.cooperationdatabank.org/vocab/prop/showUpFee,True,False,https://data.cooperationdatabank.org/vocab/prop/IncentivesVariable,Show-up fee,na,na,Game type,Prisoner's Dilemma Game,higher,"When comparing studies where show-up fee is true and studies where show-up fee is false, cooperation is significantly higher when game type is prisoner's dilemma game compared to when game type has another value."
133815,https://data.cooperationdatabank.org/id/dependentvariable/cooperation,https://data.cooperationdatabank.org/vocab/prop/studyExperimentalSetting,https://data.cooperationdatabank.org/id/studyexperimentalsetting/2,https://data.cooperationdatabank.org/vocab/prop/showUpFee,True,False,https://data.cooperationdatabank.org/vocab/prop/IncentivesVariable,Show-up fee,na,na,Experimental setting,Lab,higher,"When comparing studies where show-up fee is true and studies where show-up fee is false, cooperation is significantly higher when experimental setting is lab compared to when experimental setting has another value."
133818,https://data.cooperationdatabank.org/id/dependentvariable/cooperation,https://data.cooperationdatabank.org/vocab/prop/studyMatchingProtocol,https://data.cooperationdatabank.org/id/studymatchingprotocol/2,https://data.cooperationdatabank.org/vocab/prop/showUpFee,True,False,https://data.cooperationdatabank.org/vocab/prop/IncentivesVariable,Show-up fee,na,na,Matching,Partner,higher,"When comparing studies where show-up fee is true and studies where show-up fee is false, cooperation is significantly higher when matching is partner compared to when matching has another value."
133820,https://data.cooperationdatabank.org/id/dependentvariable/cooperation,https://data.cooperationdatabank.org/vocab/prop/studyOneShot,https://data.cooperationdatabank.org/id/studyoneshot/0,https://data.cooperationdatabank.org/vocab/prop/showUpFee,True,False,https://data.cooperationdatabank.org/vocab/prop/IncentivesVariable,Show-up fee,na,na,One-shot vs repeated,Repeated,higher,"When comparing studies where show-up fee is true and studies where show-up fee is false, cooperation is significantly higher when one-shot vs repeated is repeated compared to when one-shot vs repeated has another value."
133821,https://data.cooperationdatabank.org/id/dependentvariable/cooperation,https://data.cooperationdatabank.org/vocab/prop/studyRealPartner,https://data.cooperationdatabank.org/id/studyrealpartner/1,https://data.cooperationdatabank.org/vocab/prop/showUpFee,True,False,https://data.cooperationdatabank.org/vocab/prop/IncentivesVariable,Show-up fee,na,na,Real partner,Real,higher,"When comparing studies where show-up fee is true and studies where show-up fee is false, cooperation is significantly higher when real partner is real compared to when real partner has another value."
133823,https://data.cooperationdatabank.org/id/dependentvariable/cooperation,https://data.cooperationdatabank.org/vocab/prop/studySymmetric,true,https://data.cooperationdatabank.org/vocab/prop/showUpFee,True,False,https://data.cooperationdatabank.org/vocab/prop/IncentivesVariable,Show-up fee,na,na,Symmetry,na,higher,"When comparing studies where show-up fee is true and studies where show-up fee is false, cooperation is significantly higher when symmetry is true compared to when symmetry has another value."
133824,https://data.cooperationdatabank.org/id/dependentvariable/cooperation,https://data.cooperationdatabank.org/vocab/prop/studyTrialOfCooperation,https://data.cooperationdatabank.org/id/studytrialofcooperation/1,https://data.cooperationdatabank.org/vocab/prop/showUpFee,True,False,https://data.cooperationdatabank.org/vocab/prop/IncentivesVariable,Show-up fee,na,na,Trial of cooperation,All trials,higher,"When comparing studies where show-up fee is true and studies where show-up fee is false, cooperation is significantly higher when trial of cooperation is all trials compared to when trial of cooperation has another value."
133826,https://data.cooperationdatabank.org/id/dependentvariable/cooperation,https://data.cooperationdatabank.org/vocab/prop/yearSource,https://data.cooperationdatabank.org/id/yearsource/4,https://data.cooperationdatabank.org/vocab/prop/showUpFee,True,False,https://data.cooperationdatabank.org/vocab/prop/IncentivesVariable,Show-up fee,na,na,Source of year of data collection,Received/Submitted,higher,"When comparing studies where show-up fee is true and studies where show-up fee is false, cooperation is significantly higher when source of year of data collection is submitted compared to when source of year of data collection has another value."
133828,https://data.cooperationdatabank.org/id/dependentvariable/cooperation,https://data.cooperationdatabank.org/vocab/prop/recruitmentMethod,https://data.cooperationdatabank.org/id/recruitmentmethod/3,https://data.cooperationdatabank.org/vocab/prop/showUpFee,True,False,https://data.cooperationdatabank.org/vocab/prop/IncentivesVariable,Show-up fee,na,na,Recruitment method,Other,higher,"When comparing studies where show-up fee is true and studies where show-up fee is false, cooperation is significantly higher when recruitment method is other compared to when recruitment method has another value."
133884,https://data.cooperationdatabank.org/id/dependentvariable/cooperation,https://data.cooperationdatabank.org/vocab/prop/studyGameIncentive,https://data.cooperationdatabank.org/id/studygameincentive/1,https://data.cooperationdatabank.org/vocab/prop/gameIncentive,https://data.cooperationdatabank.org/id/gameincentive/monetary,https://data.cooperationdatabank.org/id/gameincentive/hypothetical,https://data.cooperationdatabank.org/vocab/prop/IncentivesVariable,Game incentive,Monetary,Hypothetical,Game incentive,Monetary,lower,"When comparing studies where game incentive is monetary and studies where game incentive is hypothetical, cooperation is significantly lower when game incentive is monetary compared to when game incentive has another value."
